grant_id,employee_id,system_id,access_level,request_ticket,date_granted,approver_id,access_end_date
G200001,E10198,LSP,Standard User,RITM100366,2012-01-02,E10706,
G200002,E11111,LSP,Standard User,RITM102107,2012-01-04,E10644,
G200003,E10198,GL01,Standard User,RITM100367,2012-01-05,E10449,2025-01-27
G200004,E10697,GL01,Standard User,RITM101325,2012-01-18,E10304,
G200005,E11129,TMS,Power User,RITM102133,2012-01-18,E10841,
G200006,E10481,GL01,Read Only,RITM100901,2012-01-19,E10100,
G200007,E11129,FCR,Standard User,RITM102132,2012-01-19,E10706,
G200008,E10164,GL01,Standard User,RITM100303,2012-01-25,E10069,2025-06-03
G200009,E10254,GL01,Power User,RITM100474,2012-02-08,E10575,2025-06-13
G200010,E10254,LSP,Power User,RITM100475,2012-02-08,E10764,2025-06-10
G200011,E10877,FCR,Standard User,RITM101675,2012-02-09,E10664,2025-10-03
G200012,E10877,GL01,Standard User,RITM101674,2012-02-10,E10752,2025-10-08
G200013,E10877,TMS,Read Only,RITM101676,2012-02-13,E10371,2025-10-01
G200014,E10640,TMS,Standard User,RITM101199,2012-02-20,E10122,
G200015,E10908,GL01,Standard User,RITM101738,2012-02-20,E11016,
G200016,E10908,LSP,Standard User,RITM101739,2012-02-20,E10968,
G200017,E10763,LSP,Standard User,RITM101447,2012-02-21,E10683,2025-11-20
G200018,E10640,GL01,Read Only,RITM101200,2012-02-22,E10841,
G200019,E10302,GL01,Read Only,RITM100554,2012-02-23,E10371,
G200020,E10302,TMS,Standard User,RITM100555,2012-02-23,E10069,
G200021,E10640,FCR,Standard User,RITM101201,2012-02-23,E10581,
G200022,E11045,LSP,Standard User,RITM101992,2012-02-23,E11138,
G200023,E10763,GL01,Read Only,RITM101448,2012-02-24,E10289,2025-11-14
G200024,E10765,TMS,Standard User,RITM101452,2012-02-24,E10102,
G200025,E10765,FCR,Standard User,RITM101453,2012-02-24,E10683,
G200026,E11045,GL01,Standard User,RITM101990,2012-02-24,E10179,
G200027,E10109,FCR,Standard User,RITM100194,2012-02-27,E10575,2025-05-27
G200028,E10765,GL01,Standard User,RITM101451,2012-02-27,E10171,
G200029,E10261,TMS,Power User,RITM100487,2012-02-28,E10752,2025-06-12
G200030,E11045,FCR,Standard User,RITM101991,2012-02-28,E11111,2025-12-03
G200031,E10109,GL01,Power User,RITM100196,2012-02-29,E10106,2025-05-29
G200032,E10109,TMS,Power User,RITM100195,2012-03-01,E10706,2025-05-27
G200033,E10261,GL01,Standard User,RITM100486,2012-03-01,E11069,2025-06-16
G200034,E10845,LSP,Standard User,RITM101610,2012-03-14,E10716,2025-09-08
G200035,E10845,GL01,Standard User,RITM101611,2012-03-14,E10965,2025-09-12
G200036,E10462,LSP,Standard User,RITM100859,2012-03-20,E10752,
G200037,E10462,GL01,Standard User,RITM100860,2012-03-22,E10664,
G200038,E10362,LSP,Standard User,RITM100659,2012-03-23,E10122,
G200039,E11140,LSP,Read Only,RITM102157,2012-03-26,E10380,
G200040,E11140,FCR,Read Only,RITM102158,2012-03-26,E10197,
G200041,E11090,LSP,Power User,RITM102070,2012-03-27,E10581,
G200042,E11232,FCR,Read Only,RITM102334,2012-03-27,E10371,2025-10-30
G200043,E11232,TMS,Standard User,RITM102335,2012-03-27,E10304,2025-10-28
G200044,E11188,FCR,Standard User,RITM102251,2012-03-28,E10791,
G200045,E11188,GL01,Read Only,RITM102252,2012-03-28,E10934,
G200046,E11188,TMS,Standard User,RITM102250,2012-03-30,E11136,
G200047,E10910,GL01,Read Only,RITM101743,2012-04-02,E10885,
G200048,E10085,GL01,Read Only,RITM100143,2012-04-03,E10644,
G200049,E10948,LSP,Standard User,RITM101820,2012-04-05,E10449,
G200050,E10948,GL01,Read Only,RITM101821,2012-04-06,E10791,
G200051,E10948,FCR,Standard User,RITM101822,2012-04-09,E10146,2025-10-24
G200052,E10477,TMS,Standard User,RITM100894,2012-04-13,E10706,
G200053,E10251,TMS,Standard User,RITM100468,2012-04-17,E10966,
G200054,E10251,LSP,Read Only,RITM100467,2012-04-18,E10289,2025-02-20
G200055,E10251,FCR,Standard User,RITM100469,2012-04-18,E10348,
G200056,E10477,FCR,Power User,RITM100892,2012-04-18,E10323,
G200057,E10477,GL01,Standard User,RITM100893,2012-04-18,E10791,
G200058,E11003,LSP,Standard User,RITM101916,2012-04-24,E10100,
G200059,E10681,FCR,Standard User,RITM101289,2012-04-27,E10831,
G200060,E10681,GL01,Standard User,RITM101290,2012-04-27,E10102,
G200061,E10771,GL01,Read Only,RITM101462,2012-04-30,E10083,
G200062,E10771,LSP,Power User,RITM101463,2012-05-02,E10831,
G200063,E10895,LSP,Standard User,RITM101709,2012-05-02,E11032,
G200064,E10895,GL01,Standard User,RITM101710,2012-05-03,E10171,
G200065,E11100,FCR,Standard User,RITM102085,2012-05-18,E10664,
G200066,E11100,TMS,Read Only,RITM102086,2012-05-21,E10100,
G200067,E11100,GL01,Read Only,RITM102087,2012-05-22,E10197,
G200068,E10634,GL01,Power User,RITM101187,2012-05-25,E11069,
G200069,E10634,LSP,Standard User,RITM101188,2012-05-29,E10107,
G200070,E11144,LSP,Power User,RITM102165,2012-06-05,E10100,
G200071,E10998,FCR,Read Only,RITM101906,2012-06-06,E11043,
G200072,E11144,GL01,Standard User,RITM102166,2012-06-06,E11032,
G200073,E10812,TMS,Read Only,RITM101545,2012-06-11,E10791,
G200074,E10812,GL01,Power User,RITM101547,2012-06-12,E10171,
G200075,E10659,GL01,Read Only,RITM101243,2012-06-13,E11043,2025-07-16
G200076,E10812,FCR,Standard User,RITM101546,2012-06-14,E10682,
G200077,E10398,TMS,Standard User,RITM100723,2012-06-15,E10650,
G200078,E10447,LSP,Read Only,RITM100829,2012-06-15,E10882,
G200079,E10659,TMS,Standard User,RITM101244,2012-06-15,E10831,
G200080,E10659,FCR,Power User,RITM101245,2012-06-15,E10171,
G200081,E10774,TMS,Standard User,RITM101471,2012-06-15,E10187,
G200082,E10398,FCR,Standard User,RITM100725,2012-06-19,E11111,
G200083,E10804,GL01,Standard User,RITM101530,2012-06-19,E10885,2025-07-14
G200084,E10398,GL01,Read Only,RITM100724,2012-06-20,E10246,
G200085,E10804,FCR,Read Only,RITM101531,2012-06-21,E10034,2025-07-11
G200086,E10804,LSP,Power User,RITM101532,2012-06-22,E10102,2025-07-16
G200087,E10872,GL01,Power User,RITM101660,2012-06-25,E11138,
G200088,E10872,LSP,Power User,RITM101661,2012-06-26,E10348,
G200089,E11041,LSP,Standard User,RITM101983,2012-06-29,E10762,
G200090,E10244,LSP,Standard User,RITM100457,2012-07-04,E10357,
G200091,E10177,TMS,Standard User,RITM100327,2012-07-05,E10187,2025-11-19
G200092,E10079,GL01,Read Only,RITM100131,2012-07-12,E10122,2025-09-29
G200093,E10436,GL01,Standard User,RITM100806,2012-07-13,E10981,
G200094,E10436,LSP,Standard User,RITM100807,2012-07-17,E10882,
G200095,E10888,LSP,Standard User,RITM101699,2012-07-25,E10197,
G200096,E10605,GL01,Read Only,RITM101137,2012-08-02,E10304,
G200097,E10354,TMS,Standard User,RITM100643,2012-08-03,E10044,
G200098,E10605,FCR,Read Only,RITM101136,2012-08-06,E10581,
G200099,E10605,TMS,Standard User,RITM101138,2012-08-07,E10831,
G200100,E10354,GL01,Read Only,RITM100642,2012-08-08,E10841,
G200101,E11001,LSP,Power User,RITM101913,2012-08-13,E11136,
G200102,E10424,TMS,Read Only,RITM100779,2012-08-17,E10648,
G200103,E10762,LSP,Read Only,RITM101445,2012-08-17,E10648,
G200104,E10424,GL01,Standard User,RITM100778,2012-08-20,E11138,
G200105,E10262,LSP,Read Only,RITM100488,2012-08-21,E10371,
G200106,E10703,LSP,Standard User,RITM101332,2012-08-22,E10885,2025-07-15
G200107,E10703,GL01,Read Only,RITM101333,2012-08-24,E11016,2025-07-18
G200108,E10946,TMS,Standard User,RITM101817,2012-08-24,E11003,
G200109,E10510,LSP,Read Only,RITM100957,2012-09-04,E10100,
G200110,E10901,GL01,Standard User,RITM101725,2012-09-07,E10034,
G200111,E10982,LSP,Power User,RITM101878,2012-09-10,E10762,
G200112,E10710,LSP,Standard User,RITM101344,2012-09-14,E11069,
G200113,E11082,LSP,Power User,RITM102055,2012-09-17,E10581,
G200114,E10988,GL01,Standard User,RITM101885,2012-09-19,E10773,
G200115,E10069,LSP,Standard User,RITM100117,2012-09-20,E10706,
G200116,E10839,LSP,Power User,RITM101603,2012-09-21,E10885,2025-04-23
G200117,E10841,TMS,Standard User,RITM101605,2012-09-24,E10752,
G200118,E10841,GL01,Standard User,RITM101606,2012-09-24,E10106,
G200119,E10988,LSP,Standard User,RITM101886,2012-09-24,E10762,
G200120,E10126,TMS,Standard User,RITM100230,2012-10-02,E10102,
G200121,E10784,LSP,Standard User,RITM101494,2012-10-03,E11231,
G200122,E10784,GL01,Read Only,RITM101493,2012-10-04,E10882,
G200123,E10126,LSP,Read Only,RITM100231,2012-10-05,E11069,
G200124,E10076,TMS,Standard User,RITM100126,2012-10-11,E10200,
G200125,E10086,GL01,Standard User,RITM100146,2012-10-12,E10882,
G200126,E10086,TMS,Standard User,RITM100145,2012-10-15,E10107,
G200127,E10584,LSP,Standard User,RITM101096,2012-10-15,E10044,
G200128,E10086,FCR,Standard User,RITM100144,2012-10-16,E10587,
G200129,E10524,TMS,Read Only,RITM100982,2012-10-22,E10357,2025-10-17
G200130,E10027,GL01,Standard User,RITM100042,2012-10-23,E10146,
G200131,E10524,FCR,Standard User,RITM100983,2012-10-24,E10752,2025-10-15
G200132,E10027,FCR,Standard User,RITM100043,2012-10-25,E11069,
G200133,E10524,GL01,Standard User,RITM100981,2012-10-25,E10885,2025-10-13
G200134,E10057,LSP,Standard User,RITM100096,2012-11-07,E10146,
G200135,E11124,LSP,Power User,RITM102126,2012-11-08,E10745,2025-10-03
G200136,E10916,FCR,Standard User,RITM101757,2012-11-13,E10221,
G200137,E10916,GL01,Read Only,RITM101758,2012-11-13,E10122,2025-03-19
G200138,E10916,LSP,Read Only,RITM101756,2012-11-14,E10682,
G200139,E10663,LSP,Read Only,RITM101254,2012-11-16,E10197,2025-09-04
G200140,E10179,LSP,Standard User,RITM100330,2012-11-19,E10106,
G200141,E10179,GL01,Power User,RITM100329,2012-11-20,E10069,
G200142,E10179,FCR,Standard User,RITM100331,2012-11-20,E10587,
G200143,E10663,FCR,Standard User,RITM101253,2012-11-20,E10664,
G200144,E10145,GL01,Standard User,RITM100264,2012-11-21,E10146,
G200145,E10145,TMS,Read Only,RITM100265,2012-11-21,E10706,
G200146,E10718,LSP,Power User,RITM101358,2012-11-21,E10965,
G200147,E10145,FCR,Standard User,RITM100266,2012-11-22,E10380,
G200148,E10334,TMS,Power User,RITM100610,2012-11-23,E11043,
G200149,E10334,LSP,Standard User,RITM100611,2012-11-23,E10882,
G200150,E10443,LSP,Read Only,RITM100819,2012-11-28,E10664,
G200151,E10560,LSP,Standard User,RITM101048,2012-12-06,E10968,
G200152,E10639,LSP,Power User,RITM101198,2012-12-06,E10044,2025-07-09
G200153,E10043,TMS,Standard User,RITM100074,2012-12-20,E10716,
G200154,E10043,GL01,Standard User,RITM100075,2012-12-20,E10200,
G200155,E11128,TMS,Power User,RITM102131,2012-12-20,E10664,
G200156,E10319,TMS,Standard User,RITM100584,2012-12-21,E10841,
G200157,E10950,FCR,Read Only,RITM101826,2012-12-21,E10289,2025-01-29
G200158,E10950,TMS,Read Only,RITM101827,2012-12-21,E10323,
G200159,E10950,GL01,Standard User,RITM101828,2012-12-21,E10587,
G200160,E10978,TMS,Power User,RITM101872,2012-12-27,E10603,
G200161,E10745,GL01,Power User,RITM101414,2013-01-02,E10716,
G200162,E11072,LSP,Standard User,RITM102034,2013-01-02,E10773,
G200163,E10745,FCR,Power User,RITM101415,2013-01-03,E11138,
G200164,E11219,TMS,Standard User,RITM102306,2013-01-04,E10683,2025-06-13
G200165,E10650,LSP,Standard User,RITM101222,2013-01-08,E10542,
G200166,E10650,GL01,Standard User,RITM101221,2013-01-09,E10348,
G200167,E11038,FCR,Standard User,RITM101977,2013-01-14,E10966,
G200168,E10163,TMS,Power User,RITM100300,2013-01-28,E10981,
G200169,E10163,LSP,Standard User,RITM100302,2013-01-28,E10587,
G200170,E10163,FCR,Standard User,RITM100301,2013-01-29,E10100,
G200171,E10444,TMS,Power User,RITM100820,2013-02-01,E10357,2025-01-15
G200172,E10444,FCR,Standard User,RITM100822,2013-02-01,E10966,
G200173,E10150,TMS,Read Only,RITM100276,2013-02-04,E10221,
G200174,E10444,GL01,Standard User,RITM100821,2013-02-04,E10200,
G200175,E11131,GL01,Standard User,RITM102138,2013-02-14,E10289,
G200176,E11131,TMS,Standard User,RITM102137,2013-02-15,E11003,
G200177,E10132,TMS,Standard User,RITM100241,2013-02-20,E11016,
G200178,E10132,FCR,Read Only,RITM100242,2013-02-20,E10197,
G200179,E10132,LSP,Read Only,RITM100243,2013-02-21,E11032,
G200180,E10966,LSP,Read Only,RITM101854,2013-02-21,E10044,
G200181,E11083,LSP,Power User,RITM102057,2013-03-01,E10357,
G200182,E10579,GL01,Standard User,RITM101088,2013-03-04,E10885,
G200183,E10832,LSP,Power User,RITM101592,2013-03-07,E10246,
G200184,E10289,TMS,Standard User,RITM100533,2013-03-08,E10885,
G200185,E10289,GL01,Standard User,RITM100534,2013-03-08,E10650,
G200186,E10832,GL01,Power User,RITM101591,2013-03-08,E10603,
G200187,E10412,LSP,Power User,RITM100756,2013-03-11,E11069,
G200188,E10559,TMS,Standard User,RITM101047,2013-03-12,E10146,
G200189,E10324,FCR,Standard User,RITM100592,2013-03-13,E10581,
G200190,E10247,LSP,Standard User,RITM100461,2013-03-22,E10106,
G200191,E10356,GL01,Standard User,RITM100645,2013-03-25,E10762,
G200192,E10356,LSP,Standard User,RITM100647,2013-03-27,E10867,
G200193,E10356,FCR,Standard User,RITM100646,2013-03-28,E10745,
G200194,E10534,FCR,Standard User,RITM100999,2013-04-01,E11136,
G200195,E10575,GL01,Standard User,RITM101077,2013-04-08,E10791,
G200196,E10130,LSP,Power User,RITM100239,2013-04-10,E10357,
G200197,E10968,LSP,Read Only,RITM101857,2013-04-10,E11032,
G200198,E10575,LSP,Read Only,RITM101078,2013-04-11,E10841,
G200199,E10726,FCR,Standard User,RITM101372,2013-04-24,E11223,
G200200,E10927,LSP,Standard User,RITM101783,2013-04-24,E10083,
G200201,E10726,GL01,Read Only,RITM101373,2013-04-25,E10017,
G200202,E10726,LSP,Power User,RITM101374,2013-04-25,E10966,
G200203,E10552,LSP,Standard User,RITM101033,2013-04-26,E10752,2025-08-07
G200204,E10552,GL01,Standard User,RITM101034,2013-04-29,E10745,
G200205,E11031,LSP,Power User,RITM101966,2013-04-29,E10289,
G200206,E10686,FCR,Power User,RITM101301,2013-05-09,E10885,
G200207,E10686,GL01,Standard User,RITM101300,2013-05-13,E10966,
G200208,E10686,TMS,Standard User,RITM101302,2013-05-13,E10934,
G200209,E11199,GL01,Standard User,RITM102271,2013-05-13,E10371,
G200210,E11199,TMS,Standard User,RITM102272,2013-05-13,E10650,
G200211,E11097,LSP,Standard User,RITM102080,2013-05-15,E10146,
G200212,E10127,GL01,Power User,RITM100234,2013-05-16,E10831,
G200213,E10127,FCR,Standard User,RITM100233,2013-05-17,E10304,
G200214,E10393,GL01,Power User,RITM100711,2013-05-17,E10773,
G200215,E10639,TMS,Administrator,RITM102560,2013-05-20,E11086,2025-07-15
G200216,E10562,GL01,Read Only,RITM101053,2013-05-21,E10882,
G200217,E10873,LSP,Read Only,RITM101665,2013-05-21,E10664,2025-08-06
G200218,E10268,LSP,Power User,RITM100498,2013-05-22,E10304,
G200219,E10873,FCR,Read Only,RITM101664,2013-05-22,E10791,
G200220,E10183,LSP,Standard User,RITM100338,2013-05-23,E10034,
G200221,E10873,GL01,Standard User,RITM101663,2013-05-23,E10648,
G200222,E10093,LSP,Standard User,RITM100164,2013-06-10,E10981,
G200223,E10117,LSP,Standard User,RITM100213,2013-06-11,E10083,
G200224,E10379,FCR,Standard User,RITM100691,2013-06-24,E10100,
G200225,E10453,GL01,Power User,RITM100843,2013-06-24,E10380,2025-12-18
G200226,E10608,LSP,Standard User,RITM101143,2013-06-24,E11111,2025-10-22
G200227,E10453,LSP,Power User,RITM100841,2013-06-25,E10773,2025-12-19
G200228,E10453,TMS,Standard User,RITM100842,2013-06-25,E10069,2025-12-18
G200229,E10379,LSP,Standard User,RITM100692,2013-06-26,E10752,
G200230,E10421,LSP,Standard User,RITM100772,2013-07-01,E10100,
G200231,E10715,LSP,Read Only,RITM101353,2013-07-01,E11003,
G200232,E10286,FCR,Power User,RITM100527,2013-07-15,E11003,2025-10-28
G200233,E10286,GL01,Read Only,RITM100528,2013-07-16,E11136,
G200234,E10286,LSP,Read Only,RITM100529,2013-07-18,E10644,
G200235,E10831,GL01,Read Only,RITM101590,2013-07-18,E10885,
G200236,E10597,LSP,Read Only,RITM101120,2013-07-23,E10107,
G200237,E10259,FCR,Standard User,RITM100482,2013-07-26,E11032,
G200238,E10458,LSP,Standard User,RITM100850,2013-07-26,E10449,
G200239,E10259,LSP,Standard User,RITM100480,2013-07-29,E10968,
G200240,E10259,TMS,Power User,RITM100481,2013-07-31,E10102,
G200241,E10504,GL01,Read Only,RITM100948,2013-08-01,E10867,
G200242,E10504,TMS,Standard User,RITM100949,2013-08-02,E10122,2025-01-30
G200243,E10964,LSP,Standard User,RITM101850,2013-08-05,E10648,
G200244,E10049,FCR,Standard User,RITM100083,2013-08-13,E10575,
G200245,E10811,GL01,Standard User,RITM101543,2013-08-30,E10682,
G200246,E11010,LSP,Read Only,RITM101931,2013-08-30,E10648,
G200247,E10683,GL01,Read Only,RITM101294,2013-09-02,E10380,
G200248,E10858,GL01,Power User,RITM101634,2013-09-02,E10752,
G200249,E10743,TMS,Standard User,RITM101411,2013-09-04,E10752,2025-12-09
G200250,E10801,GL01,Read Only,RITM101525,2013-09-04,E10083,
G200251,E10083,TMS,Standard User,RITM100139,2013-09-05,E10317,
G200252,E10083,GL01,Read Only,RITM100140,2013-09-05,E10059,
G200253,E10683,TMS,Standard User,RITM101295,2013-09-05,E10762,
G200254,E10083,FCR,Standard User,RITM100138,2013-09-09,E10841,
G200255,E10743,FCR,Standard User,RITM101410,2013-09-09,E11136,2025-12-04
G200256,E10569,GL01,Standard User,RITM101067,2013-09-17,E10752,
G200257,E10676,FCR,Standard User,RITM101280,2013-09-18,E10122,2025-06-13
G200258,E10676,TMS,Standard User,RITM101282,2013-09-18,E10542,2025-06-13
G200259,E10569,TMS,Standard User,RITM101065,2013-09-19,E10069,
G200260,E10569,FCR,Read Only,RITM101066,2013-09-20,E10034,
G200261,E10676,GL01,Standard User,RITM101281,2013-09-23,E10764,2025-06-16
G200262,E10778,GL01,Read Only,RITM101480,2013-09-26,E10221,
G200263,E10688,FCR,Standard User,RITM101309,2013-09-27,E10246,
G200264,E10688,LSP,Standard User,RITM101310,2013-09-27,E10146,
G200265,E10688,TMS,Power User,RITM101308,2013-09-30,E11016,
G200266,E10174,LSP,Standard User,RITM100319,2013-10-14,E10171,2025-04-15
G200267,E10174,FCR,Read Only,RITM100320,2013-10-14,E10706,2025-04-22
G200268,E10034,FCR,Standard User,RITM100055,2013-10-16,E10648,
G200269,E10664,GL01,Read Only,RITM101256,2013-10-16,E10171,
G200270,E10588,LSP,Standard User,RITM101100,2013-10-24,E10304,
G200271,E10589,LSP,Standard User,RITM101101,2013-10-24,E10179,
G200272,E10589,FCR,Standard User,RITM101102,2013-10-24,E10966,
G200273,E10589,GL01,Standard User,RITM101103,2013-10-24,E11223,
G200274,E10207,LSP,Standard User,RITM100383,2013-10-25,E10791,
G200275,E11175,TMS,Standard User,RITM102224,2013-10-25,E10773,2025-07-22
G200276,E10090,FCR,Power User,RITM100157,2013-10-28,E10179,
G200277,E11175,GL01,Standard User,RITM102225,2013-10-28,E10882,2025-07-23
G200278,E10090,GL01,Read Only,RITM100155,2013-10-29,E10664,
G200279,E10090,TMS,Read Only,RITM100156,2013-10-29,E10034,
G200280,E11175,FCR,Standard User,RITM102226,2013-10-29,E10289,2025-07-21
G200281,E10301,FCR,Power User,RITM100552,2013-11-01,E11231,
G200282,E10301,GL01,Standard User,RITM100553,2013-11-01,E10044,
G200283,E10403,LSP,Standard User,RITM100737,2013-11-05,E10764,
G200284,E10019,LSP,Read Only,RITM100032,2013-11-06,E10221,
G200285,E11033,FCR,Read Only,RITM101969,2013-11-21,E10100,
G200286,E10826,TMS,Standard User,RITM101580,2013-11-25,E10083,
G200287,E10350,TMS,Standard User,RITM100633,2013-12-02,E10764,2025-06-17
G200288,E10350,GL01,Standard User,RITM100634,2013-12-03,E10965,
G200289,E10350,FCR,Standard User,RITM100635,2013-12-03,E11223,
G200290,E10598,LSP,Standard User,RITM101121,2013-12-05,E11032,
G200291,E10598,GL01,Standard User,RITM101122,2013-12-05,E10762,
G200292,E10024,LSP,Read Only,RITM100039,2013-12-09,E11043,
G200293,E10554,GL01,Read Only,RITM101039,2013-12-09,E10752,
G200294,E10768,FCR,Standard User,RITM101458,2013-12-19,E10752,
G200295,E10089,TMS,Standard User,RITM100152,2013-12-27,E10348,
G200296,E10089,FCR,Power User,RITM100153,2013-12-27,E10017,
G200297,E10089,LSP,Standard User,RITM100154,2013-12-30,E10083,
G200298,E10142,GL01,Power User,RITM100258,2013-12-31,E10706,
G200299,E10142,LSP,Standard User,RITM100259,2014-01-01,E10764,
G200300,E10835,TMS,Standard User,RITM101598,2014-01-02,E10752,
G200301,E10361,TMS,Standard User,RITM100658,2014-01-15,E11223,
G200302,E10361,GL01,Standard User,RITM100657,2014-01-16,E11082,
G200303,E10764,LSP,Standard User,RITM101449,2014-01-20,E10200,
G200304,E10980,FCR,Standard User,RITM101874,2014-01-29,E10380,
G200305,E11087,GL01,Standard User,RITM102064,2014-01-29,E11231,2025-01-22
G200306,E11087,LSP,Standard User,RITM102065,2014-01-29,E10371,
G200307,E10332,TMS,Read Only,RITM100604,2014-01-30,E10542,
G200308,E10332,FCR,Standard User,RITM100605,2014-01-30,E10867,2025-03-20
G200309,E11087,FCR,Standard User,RITM102063,2014-01-30,E11016,
G200310,E10332,GL01,Power User,RITM100603,2014-01-31,E10323,
G200311,E10283,FCR,Power User,RITM100520,2014-02-10,E10197,2025-08-18
G200312,E10283,TMS,Standard User,RITM100521,2014-02-11,E10965,2025-08-21
G200313,E10594,GL01,Power User,RITM101114,2014-02-13,E10197,
G200314,E10847,LSP,Standard User,RITM101615,2014-03-03,E10449,
G200315,E10847,GL01,Read Only,RITM101614,2014-03-04,E11003,
G200316,E10847,FCR,Standard User,RITM101616,2014-03-06,E11003,
G200317,E11101,GL01,Standard User,RITM102088,2014-03-12,E10348,
G200318,E11101,LSP,Read Only,RITM102089,2014-03-13,E10171,
G200319,E11101,TMS,Power User,RITM102090,2014-03-14,E10059,
G200320,E11073,LSP,Read Only,RITM102035,2014-03-17,E10603,
G200321,E10758,TMS,Standard User,RITM101440,2014-04-08,E11223,
G200322,E10566,FCR,Standard User,RITM101060,2014-04-14,E10107,
G200323,E10708,LSP,Standard User,RITM101342,2014-05-01,E10288,2025-01-09
G200324,E10056,LSP,Power User,RITM100094,2014-05-13,E10752,2025-02-25
G200325,E10932,GL01,Power User,RITM101792,2014-05-13,E10934,
G200326,E11202,GL01,Standard User,RITM102276,2014-05-14,E11223,
G200327,E11202,LSP,Read Only,RITM102277,2014-05-14,E11043,
G200328,E10326,GL01,Read Only,RITM100594,2014-05-16,E11111,2025-02-28
G200329,E10523,TMS,Standard User,RITM100980,2014-05-16,E10934,2025-12-23
G200330,E10965,GL01,Read Only,RITM101853,2014-05-20,E10745,2025-03-18
G200331,E10965,LSP,Standard User,RITM101852,2014-05-21,E10114,
G200332,E10442,GL01,Read Only,RITM100816,2014-05-22,E10603,
G200333,E10506,GL01,Standard User,RITM100951,2014-05-26,E10648,
G200334,E10506,LSP,Standard User,RITM100952,2014-05-26,E10371,
G200335,E10124,GL01,Standard User,RITM100226,2014-05-27,E10187,
G200336,E10442,LSP,Standard User,RITM100817,2014-05-27,E10745,2025-09-12
G200337,E10124,LSP,Power User,RITM100227,2014-05-28,E10841,
G200338,E10842,LSP,Standard User,RITM101607,2014-05-28,E10882,
G200339,E10316,LSP,Power User,RITM100580,2014-06-04,E10083,
G200340,E10840,FCR,Power User,RITM101604,2014-06-04,E10831,
G200341,E10909,LSP,Read Only,RITM101741,2014-06-06,E10745,
G200342,E10030,LSP,Read Only,RITM100049,2014-06-11,E10542,
G200343,E10270,FCR,Standard User,RITM100501,2014-06-11,E10885,
G200344,E11047,LSP,Standard User,RITM101995,2014-06-11,E10187,
G200345,E10270,GL01,Power User,RITM100500,2014-06-12,E10069,
G200346,E10203,LSP,Standard User,RITM100375,2014-06-13,E10542,
G200347,E11047,GL01,Power User,RITM101994,2014-06-13,E10867,
G200348,E11182,LSP,Standard User,RITM102240,2014-06-17,E10288,
G200349,E10203,TMS,Standard User,RITM100376,2014-06-18,E10102,
G200350,E10518,LSP,Standard User,RITM100970,2014-06-19,E10017,
G200351,E10518,FCR,Standard User,RITM100971,2014-06-19,E10644,2025-10-27
G200352,E10185,LSP,Standard User,RITM100341,2014-06-24,E10764,2025-03-14
G200353,E10013,LSP,Power User,RITM100022,2014-06-30,E10966,2025-04-11
G200354,E10013,FCR,Standard User,RITM100024,2014-06-30,E10882,2025-04-09
G200355,E10013,TMS,Standard User,RITM100023,2014-07-01,E10304,2025-04-09
G200356,E10561,FCR,Read Only,RITM101050,2014-07-01,E10083,
G200357,E10561,GL01,Standard User,RITM101052,2014-07-01,E10102,
G200358,E10561,LSP,Read Only,RITM101051,2014-07-02,E10762,
G200359,E10446,TMS,Standard User,RITM100827,2014-07-03,E10650,
G200360,E10755,LSP,Power User,RITM101433,2014-07-03,E10187,
G200361,E10446,LSP,Read Only,RITM100828,2014-07-07,E10968,
G200362,E10544,FCR,Standard User,RITM101019,2014-07-14,E10044,2025-02-19
G200363,E10544,GL01,Standard User,RITM101021,2014-07-15,E10581,2025-02-18
G200364,E10544,LSP,Read Only,RITM101020,2014-07-17,E10059,2025-02-19
G200365,E11198,TMS,Read Only,RITM102270,2014-07-18,E10745,
G200366,E10278,LSP,Power User,RITM100513,2014-07-22,E10069,
G200367,E10278,GL01,Read Only,RITM100512,2014-07-23,E10106,
G200368,E10060,LSP,Read Only,RITM100102,2014-07-25,E10706,
G200369,E10278,FCR,Standard User,RITM100511,2014-07-25,E10289,
G200370,E11029,LSP,Power User,RITM101963,2014-08-01,E10323,
G200371,E10064,LSP,Standard User,RITM100108,2014-08-06,E10102,
G200372,E10531,FCR,Power User,RITM100993,2014-08-08,E11016,
G200373,E10531,TMS,Read Only,RITM100995,2014-08-08,E10288,
G200374,E10531,GL01,Standard User,RITM100994,2014-08-11,E10745,
G200375,E10547,TMS,Standard User,RITM101026,2014-08-11,E11069,
G200376,E11136,GL01,Read Only,RITM102148,2014-08-15,E10762,
G200377,E10172,LSP,Read Only,RITM100316,2014-08-18,E11082,
G200378,E10176,TMS,Standard User,RITM100324,2014-08-18,E10449,
G200379,E10176,GL01,Standard User,RITM100325,2014-08-18,E10357,
G200380,E10637,GL01,Read Only,RITM101193,2014-08-21,E10648,
G200381,E10786,LSP,Read Only,RITM101499,2014-08-21,E10773,
G200382,E11190,TMS,Standard User,RITM102256,2014-08-26,E10059,
G200383,E11190,FCR,Power User,RITM102255,2014-08-27,E10841,
G200384,E11190,GL01,Standard User,RITM102257,2014-08-27,E11223,2025-07-11
G200385,E11206,LSP,Standard User,RITM102283,2014-08-27,E10683,
G200386,E11206,TMS,Power User,RITM102282,2014-08-28,E10542,
G200387,E10987,LSP,Standard User,RITM101884,2014-09-08,E10357,
G200388,E10830,GL01,Standard User,RITM101587,2014-09-23,E10317,
G200389,E10830,LSP,Read Only,RITM101588,2014-09-23,E10059,
G200390,E10013,TMS,Superuser,RITM102379,2014-10-06,E10141,2025-04-10
G200391,E10153,FCR,Standard User,RITM100280,2014-10-06,E10648,
G200392,E10802,LSP,Standard User,RITM101526,2014-10-06,E10102,
G200393,E10802,TMS,Standard User,RITM101527,2014-10-06,E11032,
G200394,E10153,GL01,Power User,RITM100281,2014-10-07,E10197,
G200395,E10484,TMS,Standard User,RITM100908,2014-10-15,E10966,
G200396,E10484,FCR,Standard User,RITM100909,2014-10-15,E10357,
G200397,E10484,GL01,Power User,RITM100907,2014-10-17,E10664,
G200398,E10593,FCR,Read Only,RITM101112,2014-10-21,E10644,
G200399,E10593,LSP,Read Only,RITM101113,2014-10-21,E10764,
G200400,E11030,LSP,Standard User,RITM101965,2014-10-21,E10100,2025-07-31
G200401,E11024,GL01,Standard User,RITM101954,2014-10-22,E10380,2025-12-01
G200402,E11024,LSP,Standard User,RITM101955,2014-10-24,E10966,2025-02-20
G200403,E10454,GL01,Read Only,RITM100845,2014-10-27,E11111,
G200404,E10454,FCR,Read Only,RITM100844,2014-10-29,E10587,
G200405,E10245,TMS,Read Only,RITM100458,2014-10-31,E10981,
G200406,E10625,GL01,Standard User,RITM101176,2014-11-04,E10246,
G200407,E10942,FCR,Standard User,RITM101809,2014-11-05,E10323,
G200408,E10625,LSP,Power User,RITM101175,2014-11-06,E10069,
G200409,E10942,LSP,Read Only,RITM101810,2014-11-10,E10791,
G200410,E10852,FCR,Power User,RITM101624,2014-11-17,E11003,
G200411,E10255,TMS,Standard User,RITM100476,2014-11-20,E10107,
G200412,E10735,TMS,Read Only,RITM101391,2014-11-21,E10745,
G200413,E10735,LSP,Standard User,RITM101392,2014-11-21,E10885,
G200414,E10921,LSP,Read Only,RITM101770,2014-12-02,E10867,
G200415,E11207,TMS,Power User,RITM102284,2014-12-04,E10603,
G200416,E10990,TMS,Read Only,RITM101892,2014-12-08,E10323,
G200417,E10274,LSP,Standard User,RITM100506,2014-12-11,E10107,
G200418,E10990,FCR,Standard User,RITM101891,2014-12-11,E10069,
G200419,E10201,TMS,Read Only,RITM100372,2014-12-16,E10449,
G200420,E10366,LSP,Read Only,RITM100668,2014-12-19,E10044,
G200421,E10129,GL01,Power User,RITM100237,2014-12-23,E10197,2025-03-28
G200422,E10372,GL01,Read Only,RITM100678,2014-12-23,E10981,
G200423,E11179,GL01,Standard User,RITM102234,2014-12-23,E10323,
G200424,E10129,LSP,Read Only,RITM100238,2014-12-24,E10059,2025-09-18
G200425,E11179,FCR,Standard User,RITM102233,2014-12-24,E10664,
G200426,E10372,LSP,Standard User,RITM100679,2014-12-26,E11223,
G200427,E10739,FCR,Read Only,RITM101400,2014-12-26,E10867,
G200428,E10240,TMS,Read Only,RITM100449,2014-12-29,E10034,
G200429,E10997,LSP,Read Only,RITM101905,2014-12-29,E10682,2025-12-09
G200430,E10240,GL01,Standard User,RITM100450,2014-12-30,E11111,
G200431,E10997,GL01,Read Only,RITM101903,2014-12-30,E10664,2025-12-09
G200432,E10997,FCR,Standard User,RITM101904,2014-12-30,E10171,2025-12-09
G200433,E10470,FCR,Standard User,RITM100879,2014-12-31,E10603,
G200434,E10470,GL01,Standard User,RITM100878,2015-01-01,E10221,
G200435,E10339,FCR,Read Only,RITM100619,2015-01-02,E10683,2025-09-15
G200436,E10644,LSP,Standard User,RITM101209,2015-01-05,E10197,
G200437,E10698,LSP,Standard User,RITM101326,2015-01-06,E10106,2025-05-29
G200438,E10662,TMS,Power User,RITM101252,2015-01-07,E10304,
G200439,E10511,LSP,Standard User,RITM100959,2015-01-08,E11032,
G200440,E10662,GL01,Standard User,RITM101251,2015-01-09,E10221,
G200441,E10528,GL01,Power User,RITM100988,2015-01-12,E10187,
G200442,E10528,LSP,Standard User,RITM100989,2015-01-12,E11082,
G200443,E11230,FCR,Standard User,RITM102329,2015-01-14,E10587,
G200444,E10284,GL01,Read Only,RITM100524,2015-01-16,E10752,
G200445,E11230,LSP,Standard User,RITM102330,2015-01-16,E10304,
G200446,E10284,FCR,Standard User,RITM100523,2015-01-19,E10752,
G200447,E10284,LSP,Read Only,RITM100522,2015-01-20,E10323,
G200448,E10947,GL01,Standard User,RITM101819,2015-01-20,E10716,
G200449,E11146,TMS,Standard User,RITM102171,2015-01-23,E10371,
G200450,E10098,FCR,Read Only,RITM100174,2015-01-27,E10197,
G200451,E11167,LSP,Read Only,RITM102209,2015-01-27,E11003,
G200452,E10491,FCR,Power User,RITM100926,2015-02-06,E10841,
G200453,E10331,FCR,Standard User,RITM100601,2015-02-09,E10934,2025-04-08
G200454,E10331,TMS,Power User,RITM100600,2015-02-11,E10357,2025-04-09
G200455,E10331,GL01,Read Only,RITM100602,2015-02-11,E10034,2025-04-10
G200456,E11229,GL01,Standard User,RITM102327,2015-02-16,E11136,
G200457,E11229,TMS,Standard User,RITM102328,2015-02-17,E10221,
G200458,E10679,TMS,Standard User,RITM101285,2015-02-26,E10650,2025-05-28
G200459,E10679,FCR,Standard User,RITM101286,2015-02-26,E10348,2025-05-21
G200460,E11009,GL01,Standard User,RITM101930,2015-02-26,E10603,
G200461,E10679,GL01,Read Only,RITM101287,2015-02-27,E10587,2025-05-23
G200462,E10871,GL01,Standard User,RITM101659,2015-02-27,E10587,
G200463,E11009,TMS,Standard User,RITM101929,2015-02-27,E10317,2025-01-07
G200464,E11200,LSP,Standard User,RITM102274,2015-03-04,E10752,2025-08-27
G200465,E10075,GL01,Standard User,RITM100125,2015-03-06,E11043,
G200466,E10709,GL01,Standard User,RITM101343,2015-03-06,E10882,
G200467,E10860,LSP,Standard User,RITM101638,2015-03-10,E10449,
G200468,E11157,LSP,Power User,RITM102189,2015-03-16,E10603,2025-02-26
G200469,E10298,LSP,Standard User,RITM100549,2015-03-17,E10981,2025-12-15
G200470,E10323,GL01,Standard User,RITM100591,2015-04-02,E10934,2025-05-14
G200471,E10834,FCR,Standard User,RITM101594,2015-04-13,E11082,
G200472,E10834,GL01,Standard User,RITM101595,2015-04-13,E10122,
G200473,E10834,TMS,Standard User,RITM101596,2015-04-13,E10102,
G200474,E11109,LSP,Standard User,RITM102105,2015-04-14,E10966,
G200475,E11109,TMS,Standard User,RITM102104,2015-04-17,E10122,
G200476,E10473,TMS,Read Only,RITM100885,2015-04-30,E10965,
G200477,E10473,FCR,Read Only,RITM100884,2015-05-01,E11136,
G200478,E10473,GL01,Standard User,RITM100886,2015-05-05,E10179,
G200479,E11214,LSP,Power User,RITM102297,2015-05-08,E10122,
G200480,E10252,GL01,Standard User,RITM100470,2015-05-12,E11138,
G200481,E10337,FCR,Standard User,RITM100615,2015-05-15,E10831,
G200482,E10337,LSP,Power User,RITM100614,2015-05-19,E10603,
G200483,E10666,GL01,Read Only,RITM101259,2015-05-20,E10102,2025-09-10
G200484,E10666,LSP,Standard User,RITM101260,2015-05-20,E10246,
G200485,E10624,FCR,Power User,RITM101172,2015-05-21,E10831,2025-03-10
G200486,E10624,TMS,Standard User,RITM101173,2015-05-21,E10764,2025-03-10
G200487,E10666,FCR,Read Only,RITM101261,2015-05-21,E10187,
G200488,E10199,LSP,Standard User,RITM100369,2015-05-25,E10575,
G200489,E10377,LSP,Standard User,RITM100687,2015-05-25,E10179,
G200490,E11048,TMS,Standard User,RITM101997,2015-06-05,E10764,2025-08-12
G200491,E11048,FCR,Standard User,RITM101996,2015-06-08,E11223,
G200492,E10318,GL01,Power User,RITM100582,2015-06-16,E10146,
G200493,E10318,TMS,Power User,RITM100583,2015-06-19,E10323,
G200494,E11104,LSP,Standard User,RITM102095,2015-06-25,E10122,
G200495,E10365,GL01,Read Only,RITM100666,2015-06-29,E11111,
G200496,E10365,LSP,Read Only,RITM100667,2015-06-30,E10102,
G200497,E10847,FCR,Database Administrator,RITM102611,2015-07-09,E10141,
G200498,E10940,LSP,Power User,RITM101807,2015-07-10,E11231,
G200499,E10972,GL01,Read Only,RITM101864,2015-07-10,E10764,
G200500,E10155,FCR,Read Only,RITM100288,2015-07-13,E10882,
G200501,E10155,GL01,Standard User,RITM100286,2015-07-14,E10034,
G200502,E10155,TMS,Standard User,RITM100287,2015-07-16,E11111,
G200503,E10613,LSP,Power User,RITM101152,2015-07-16,E10146,
G200504,E11057,FCR,Power User,RITM102008,2015-07-22,E10716,
G200505,E11248,TMS,Standard User,RITM102371,2015-07-27,E10867,
G200506,E11248,GL01,Standard User,RITM102372,2015-07-27,E10648,
G200507,E10196,LSP,Read Only,RITM100362,2015-07-31,E10357,2025-01-14
G200508,E10276,LSP,Power User,RITM100509,2015-07-31,E10682,2025-09-22
G200509,E10525,GL01,Standard User,RITM100984,2015-08-11,E10683,
G200510,E10364,GL01,Standard User,RITM100663,2015-08-18,E10246,
G200511,E10364,LSP,Power User,RITM100664,2015-08-19,E10885,
G200512,E10867,GL01,Standard User,RITM101652,2015-08-26,E10791,
G200513,E10752,LSP,Power User,RITM101428,2015-08-27,E11138,
G200514,E11023,LSP,Standard User,RITM101952,2015-08-31,E10791,2025-02-18
G200515,E10856,GL01,Standard User,RITM101629,2015-09-11,E10644,2025-04-02
G200516,E10856,TMS,Standard User,RITM101631,2015-09-11,E11231,2025-03-10
G200517,E10856,FCR,Standard User,RITM101630,2015-09-15,E10044,2025-03-06
G200518,E10636,FCR,Standard User,RITM101192,2015-09-16,E10764,
G200519,E10099,LSP,Standard User,RITM100175,2015-09-22,E11138,
G200520,E10143,LSP,Power User,RITM100260,2015-09-24,E11082,
G200521,E10410,LSP,Read Only,RITM100752,2015-10-05,E10044,
G200522,E10410,FCR,Read Only,RITM100751,2015-10-06,E10083,
G200523,E10410,TMS,Read Only,RITM100753,2015-10-06,E10323,
G200524,E10023,TMS,Power User,RITM100037,2015-10-08,E10867,
G200525,E10614,FCR,Standard User,RITM101153,2015-10-14,E10246,
G200526,E10614,TMS,Power User,RITM101154,2015-10-15,E10542,
G200527,E10883,FCR,Standard User,RITM101688,2015-10-20,E11003,
G200528,E10883,GL01,Standard User,RITM101689,2015-10-20,E10371,
G200529,E10883,LSP,Read Only,RITM101690,2015-10-21,E10146,
G200530,E10879,LSP,Power User,RITM101678,2015-10-28,E10246,
G200531,E11099,GL01,Power User,RITM102084,2015-10-29,E11082,
G200532,E11150,GL01,Standard User,RITM102177,2015-10-29,E10867,
G200533,E11150,TMS,Standard User,RITM102178,2015-10-29,E10059,
G200534,E10267,LSP,Power User,RITM100497,2015-11-03,E10083,
G200535,E11247,LSP,Standard User,RITM102369,2015-11-04,E10867,2025-03-24
G200536,E10267,GL01,Standard User,RITM100496,2015-11-06,E10102,2025-09-18
G200537,E11137,LSP,Read Only,RITM102149,2015-11-10,E10102,2025-09-19
G200538,E10408,TMS,Standard User,RITM100747,2015-11-17,E10083,2025-08-18
G200539,E11020,LSP,Standard User,RITM101947,2015-11-19,E10357,
G200540,E10922,TMS,Read Only,RITM101772,2015-11-24,E10146,
G200541,E10111,FCR,Power User,RITM100199,2015-11-25,E11223,
G200542,E10922,GL01,Power User,RITM101773,2015-11-25,E10603,
G200543,E10111,GL01,Read Only,RITM100200,2015-11-26,E10246,
G200544,E10475,FCR,Standard User,RITM100889,2015-11-27,E10867,
G200545,E10922,FCR,Standard User,RITM101771,2015-11-27,E10885,
G200546,E11216,GL01,Standard User,RITM102301,2015-12-07,E10246,
G200547,E11216,TMS,Standard User,RITM102302,2015-12-08,E11003,
G200548,E11006,GL01,Power User,RITM101924,2015-12-10,E10102,
G200549,E10355,GL01,Standard User,RITM100644,2015-12-11,E10575,
G200550,E11221,LSP,Read Only,RITM102308,2015-12-11,E11043,
G200551,E11006,FCR,Standard User,RITM101923,2015-12-15,E10288,
G200552,E10321,LSP,Standard User,RITM100587,2015-12-18,E10764,
G200553,E10459,FCR,Standard User,RITM100851,2015-12-18,E10542,2025-08-07
G200554,E11132,LSP,Standard User,RITM102139,2015-12-18,E10968,2025-02-21
G200555,E10459,GL01,Standard User,RITM100852,2015-12-21,E11231,
G200556,E10941,FCR,Standard User,RITM101808,2015-12-23,E10867,2025-01-06
G200557,E10685,TMS,Standard User,RITM101298,2015-12-25,E10371,2025-01-21
G200558,E10685,GL01,Standard User,RITM101299,2015-12-25,E10323,2025-01-16
G200559,E10295,FCR,Standard User,RITM100543,2015-12-28,E10841,
G200560,E10295,TMS,Read Only,RITM100542,2015-12-30,E10017,
G200561,E10295,GL01,Read Only,RITM100544,2015-12-30,E10317,
G200562,E10097,LSP,Standard User,RITM100173,2016-01-05,E10371,
G200563,E10039,FCR,Standard User,RITM100063,2016-01-06,E11082,2025-07-18
G200564,E10151,TMS,Read Only,RITM100277,2016-01-06,E10841,
G200565,E10039,TMS,Standard User,RITM100064,2016-01-08,E10171,2025-07-21
G200566,E10039,GL01,Read Only,RITM100065,2016-01-08,E10981,2025-07-21
G200567,E10538,LSP,Read Only,RITM101008,2016-01-15,E10968,2025-10-07
G200568,E10538,FCR,Standard User,RITM101009,2016-01-15,E11138,2025-10-07
G200569,E10720,LSP,Standard User,RITM101360,2016-01-15,E10187,
G200570,E10538,GL01,Read Only,RITM101007,2016-01-19,E10575,2025-10-08
G200571,E10799,GL01,Read Only,RITM101521,2016-01-28,E10059,
G200572,E11163,LSP,Standard User,RITM102202,2016-01-28,E11111,
G200573,E10265,FCR,Standard User,RITM100494,2016-02-03,E11231,
G200574,E10652,GL01,Standard User,RITM101226,2016-02-09,E10083,
G200575,E10048,GL01,Read Only,RITM100081,2016-02-25,E10841,
G200576,E10465,TMS,Power User,RITM100868,2016-02-26,E11111,
G200577,E10465,FCR,Power User,RITM100867,2016-02-29,E10171,
G200578,E10161,LSP,Read Only,RITM100298,2016-03-01,E10179,
G200579,E10465,GL01,Read Only,RITM100866,2016-03-02,E10449,
G200580,E10382,GL01,Standard User,RITM100697,2016-03-04,E10773,
G200581,E10382,LSP,Standard User,RITM100698,2016-03-07,E10044,
G200582,E10719,FCR,Read Only,RITM101359,2016-03-10,E10716,2025-04-04
G200583,E10974,TMS,Read Only,RITM101867,2016-03-15,E11082,
G200584,E10974,GL01,Standard User,RITM101868,2016-03-15,E10648,
G200585,E10250,TMS,Standard User,RITM100466,2016-03-18,E10371,
G200586,E10457,GL01,Standard User,RITM100849,2016-04-04,E11003,
G200587,E10973,LSP,Power User,RITM101866,2016-04-05,E10348,2025-10-31
G200588,E10457,FCR,Power User,RITM100848,2016-04-06,E10716,
G200589,E10450,GL01,Standard User,RITM100833,2016-04-07,E10069,
G200590,E10450,LSP,Standard User,RITM100834,2016-04-07,E10575,
G200591,E10450,FCR,Standard User,RITM100835,2016-04-07,E10934,
G200592,E11011,TMS,Read Only,RITM101932,2016-04-08,E10575,2025-11-26
G200593,E10387,LSP,Standard User,RITM100704,2016-04-12,E10650,
G200594,E10230,GL01,Standard User,RITM100433,2016-04-13,E11082,2025-09-17
G200595,E10783,LSP,Standard User,RITM101492,2016-04-13,E10106,2025-06-13
G200596,E10690,GL01,Standard User,RITM101314,2016-04-14,E11003,
G200597,E10783,GL01,Standard User,RITM101491,2016-04-15,E10575,2025-06-09
G200598,E11096,FCR,Standard User,RITM102079,2016-04-15,E11003,
G200599,E10690,LSP,Read Only,RITM101315,2016-04-18,E10867,
G200600,E10690,TMS,Power User,RITM101313,2016-04-19,E10603,
G200601,E11096,GL01,Read Only,RITM102078,2016-04-20,E10380,
G200602,E10757,TMS,Standard User,RITM101438,2016-04-25,E10682,
G200603,E10426,FCR,Standard User,RITM100782,2016-04-26,E10764,2025-10-31
G200604,E10426,TMS,Power User,RITM100783,2016-04-26,E11136,2025-11-06
G200605,E10426,LSP,Power User,RITM100781,2016-04-27,E10317,2025-11-03
G200606,E10757,GL01,Standard User,RITM101437,2016-04-27,E10575,
G200607,E10757,LSP,Read Only,RITM101439,2016-04-27,E10289,2025-02-25
G200608,E10772,GL01,Power User,RITM101465,2016-04-27,E10083,
G200609,E10772,FCR,Standard User,RITM101466,2016-04-28,E11138,
G200610,E10772,TMS,Standard User,RITM101467,2016-04-29,E11069,
G200611,E10411,LSP,Standard User,RITM100755,2016-05-02,E10246,
G200612,E10271,TMS,Standard User,RITM100502,2016-05-03,E11138,2025-03-21
G200613,E10271,GL01,Standard User,RITM100503,2016-05-03,E10069,2025-03-05
G200614,E10603,GL01,Standard User,RITM101132,2016-05-03,E10323,
G200615,E10603,LSP,Standard User,RITM101131,2016-05-04,E10885,
G200616,E10526,LSP,Standard User,RITM100985,2016-05-16,E10179,
G200617,E10202,TMS,Standard User,RITM100373,2016-05-18,E11032,
G200618,E10611,GL01,Standard User,RITM101149,2016-05-24,E10323,
G200619,E11004,GL01,Standard User,RITM101918,2016-05-24,E10034,
G200620,E10535,LSP,Standard User,RITM101000,2016-05-26,E10348,2025-05-09
G200621,E10611,LSP,Read Only,RITM101150,2016-05-27,E10348,
G200622,E10767,LSP,Read Only,RITM101456,2016-05-31,E10059,2025-11-10
G200623,E10348,LSP,Read Only,RITM100631,2016-06-02,E10831,
G200624,E10767,GL01,Standard User,RITM101457,2016-06-02,E10106,2025-10-29
G200625,E10805,GL01,Read Only,RITM101533,2016-06-06,E10034,
G200626,E11007,FCR,Standard User,RITM101925,2016-06-15,E10187,
G200627,E11007,GL01,Power User,RITM101926,2016-06-15,E10348,
G200628,E10062,LSP,Read Only,RITM100104,2016-06-17,E10716,
G200629,E11134,GL01,Standard User,RITM102144,2016-06-20,E11016,
G200630,E11134,FCR,Read Only,RITM102143,2016-06-21,E10542,
G200631,E11134,TMS,Standard User,RITM102145,2016-06-22,E10587,
G200632,E10970,LSP,Standard User,RITM101860,2016-06-24,E10867,
G200633,E10409,LSP,Power User,RITM100749,2016-06-28,E10716,
G200634,E10182,GL01,Power User,RITM100337,2016-06-29,E10542,
G200635,E10409,FCR,Read Only,RITM100748,2016-06-29,E10587,
G200636,E10409,GL01,Standard User,RITM100750,2016-06-30,E10187,
G200637,E10067,LSP,Read Only,RITM100113,2016-07-01,E10966,
G200638,E10673,TMS,Read Only,RITM101273,2016-07-14,E10197,
G200639,E10673,FCR,Standard User,RITM101271,2016-07-15,E10304,
G200640,E10903,LSP,Power User,RITM101730,2016-07-18,E10603,
G200641,E10673,GL01,Standard User,RITM101272,2016-07-19,E10644,
G200642,E10903,GL01,Standard User,RITM101731,2016-07-19,E10106,
G200643,E10674,GL01,Standard User,RITM101274,2016-07-26,E11043,2025-02-07
G200644,E10674,LSP,Power User,RITM101275,2016-07-28,E10380,2025-02-14
G200645,E10687,GL01,Standard User,RITM101304,2016-07-28,E10773,2025-06-16
G200646,E10687,FCR,Read Only,RITM101305,2016-07-28,E10575,2025-06-13
G200647,E10416,LSP,Read Only,RITM100763,2016-07-29,E10100,
G200648,E10687,TMS,Standard User,RITM101306,2016-08-02,E10773,2025-06-13
G200649,E10343,FCR,Read Only,RITM100624,2016-08-04,E10246,2025-03-17
G200650,E10844,GL01,Standard User,RITM101609,2016-08-08,E10122,
G200651,E10669,FCR,Read Only,RITM101265,2016-08-10,E10187,2025-12-08
G200652,E10091,TMS,Standard User,RITM100158,2016-08-16,E11032,
G200653,E10309,LSP,Read Only,RITM100565,2016-08-16,E10323,
G200654,E10091,GL01,Standard User,RITM100159,2016-08-17,E10187,
G200655,E10455,LSP,Standard User,RITM100846,2016-08-18,E11069,
G200656,E10994,LSP,Read Only,RITM101899,2016-08-19,E10966,
G200657,E10661,FCR,Standard User,RITM101250,2016-08-22,E10059,2025-02-18
G200658,E10602,FCR,Read Only,RITM101129,2016-08-24,E10187,
G200659,E10661,GL01,Standard User,RITM101249,2016-08-24,E10648,2025-02-18
G200660,E11135,LSP,Standard User,RITM102146,2016-08-24,E10380,
G200661,E10602,GL01,Standard User,RITM101130,2016-08-25,E10146,
G200662,E10243,GL01,Standard User,RITM100456,2016-08-26,E10885,2025-06-13
G200663,E10219,GL01,Standard User,RITM100412,2016-08-30,E10542,
G200664,E10219,TMS,Standard User,RITM100413,2016-08-31,E10981,
G200665,E10926,LSP,Power User,RITM101780,2016-08-31,E10200,
G200666,E10926,GL01,Standard User,RITM101781,2016-08-31,E11138,
G200667,E10926,TMS,Standard User,RITM101782,2016-08-31,E10100,
G200668,E10159,LSP,Read Only,RITM100293,2016-09-07,E10981,
G200669,E10732,LSP,Read Only,RITM101386,2016-09-09,E10648,
G200670,E10352,FCR,Standard User,RITM100638,2016-09-13,E11082,2025-07-07
G200671,E10732,FCR,Standard User,RITM101385,2016-09-13,E10752,
G200672,E10315,GL01,Standard User,RITM100579,2016-09-14,E10664,
G200673,E10732,GL01,Standard User,RITM101384,2016-09-14,E10449,
G200674,E11068,LSP,Read Only,RITM102027,2016-09-14,E10682,
G200675,E10315,FCR,Read Only,RITM100578,2016-09-15,E10644,
G200676,E10315,TMS,Standard User,RITM100577,2016-09-16,E10171,
G200677,E10347,LSP,Standard User,RITM100630,2016-10-03,E10449,
G200678,E10071,LSP,Standard User,RITM100120,2016-10-06,E10348,
G200679,E10071,GL01,Standard User,RITM100119,2016-10-07,E11003,
G200680,E10152,GL01,Read Only,RITM100278,2016-10-13,E10083,
G200681,E10996,LSP,Standard User,RITM101902,2016-10-13,E10682,
G200682,E10152,LSP,Standard User,RITM100279,2016-10-14,E10885,
G200683,E11204,LSP,Standard User,RITM102279,2016-10-19,E10449,
G200684,E11227,FCR,Standard User,RITM102322,2016-10-19,E11111,
G200685,E10515,GL01,Read Only,RITM100965,2016-10-24,E10348,
G200686,E10707,LSP,Read Only,RITM101340,2016-10-24,E10981,
G200687,E11227,GL01,Standard User,RITM102321,2016-10-24,E10044,
G200688,E11227,TMS,Standard User,RITM102323,2016-10-24,E10380,
G200689,E10934,LSP,Standard User,RITM101795,2016-10-25,E10581,
G200690,E10223,LSP,Standard User,RITM100419,2016-10-28,E11138,
G200691,E10156,LSP,Standard User,RITM100289,2016-11-07,E10187,
G200692,E10773,LSP,Standard User,RITM101470,2016-11-07,E10171,
G200693,E10773,GL01,Power User,RITM101469,2016-11-08,E10171,2025-01-09
G200694,E11130,GL01,Standard User,RITM102135,2016-11-10,E10017,
G200695,E11130,TMS,Read Only,RITM102134,2016-11-11,E10587,
G200696,E11130,FCR,Read Only,RITM102136,2016-11-14,E10867,
G200697,E11008,GL01,Read Only,RITM101927,2016-11-21,E10575,
G200698,E10238,TMS,Read Only,RITM100446,2016-11-24,E10102,
G200699,E10238,GL01,Standard User,RITM100447,2016-11-24,E10221,
G200700,E10486,LSP,Read Only,RITM100913,2016-11-25,E10246,
G200701,E10930,LSP,Standard User,RITM101788,2016-11-25,E10069,
G200702,E10303,FCR,Read Only,RITM100556,2016-11-28,E10745,
G200703,E10486,GL01,Standard User,RITM100911,2016-11-28,E10380,
G200704,E10486,FCR,Power User,RITM100912,2016-11-29,E10100,
G200705,E10303,TMS,Standard User,RITM100557,2016-11-30,E10966,
G200706,E11059,GL01,Read Only,RITM102012,2016-12-05,E10069,
G200707,E10733,GL01,Read Only,RITM101387,2016-12-06,E10380,
G200708,E10733,LSP,Power User,RITM101388,2016-12-06,E10867,
G200709,E10646,LSP,Standard User,RITM101213,2016-12-07,E11136,2025-06-03
G200710,E11059,FCR,Standard User,RITM102011,2016-12-07,E11032,
G200711,E10734,LSP,Standard User,RITM101389,2016-12-08,E10288,
G200712,E10607,LSP,Power User,RITM101142,2016-12-12,E11003,
G200713,E10256,TMS,Power User,RITM100477,2016-12-14,E10644,
G200714,E10291,LSP,Power User,RITM100536,2016-12-22,E10187,
G200715,E10924,TMS,Standard User,RITM101776,2016-12-28,E10357,
G200716,E11176,LSP,Read Only,RITM102228,2016-12-30,E10102,
G200717,E11195,GL01,Standard User,RITM102265,2017-01-03,E11082,
G200718,E10388,LSP,Read Only,RITM100705,2017-01-04,E10323,2025-11-24
G200719,E10691,TMS,Power User,RITM101316,2017-01-09,E11223,
G200720,E10776,LSP,Read Only,RITM101475,2017-01-09,E10304,2025-09-16
G200721,E10338,GL01,Standard User,RITM100617,2017-01-17,E10831,2025-09-17
G200722,E10338,FCR,Read Only,RITM100618,2017-01-19,E10357,
G200723,E10851,GL01,Standard User,RITM101623,2017-01-19,E10246,
G200724,E10338,TMS,Power User,RITM100616,2017-01-20,E10791,
G200725,E10500,GL01,Standard User,RITM100941,2017-01-23,E10706,
G200726,E10493,FCR,Standard User,RITM100930,2017-01-25,E10357,2025-01-31
G200727,E10500,TMS,Standard User,RITM100942,2017-01-25,E10246,
G200728,E10714,FCR,Standard User,RITM101351,2017-01-25,E11223,
G200729,E10493,TMS,Standard User,RITM100929,2017-01-27,E10179,2025-02-05
G200730,E10714,TMS,Standard User,RITM101350,2017-01-27,E10762,
G200731,E11236,GL01,Read Only,RITM102343,2017-01-31,E10323,2025-09-23
G200732,E10020,GL01,Standard User,RITM100033,2017-02-08,E10981,
G200733,E10453,GL01,Database Administrator,RITM102500,2017-02-08,E10669,2025-12-22
G200734,E10651,LSP,Power User,RITM101224,2017-02-08,E10288,
G200735,E11193,GL01,Read Only,RITM102262,2017-02-08,E10791,
G200736,E10823,TMS,Power User,RITM101575,2017-02-09,E10773,
G200737,E10391,GL01,Standard User,RITM100709,2017-02-10,E10981,
G200738,E10823,GL01,Standard User,RITM101573,2017-02-10,E10716,
G200739,E10823,FCR,Read Only,RITM101574,2017-02-13,E10575,
G200740,E10449,LSP,Standard User,RITM100831,2017-02-15,E10187,
G200741,E10558,LSP,Read Only,RITM101046,2017-02-16,E10603,
G200742,E10402,GL01,Standard User,RITM100735,2017-02-27,E10059,2025-11-04
G200743,E10402,LSP,Read Only,RITM100734,2017-03-01,E10107,2025-10-29
G200744,E10312,LSP,Standard User,RITM100571,2017-03-08,E10289,
G200745,E10346,GL01,Read Only,RITM100628,2017-03-08,E10317,
G200746,E10312,GL01,Standard User,RITM100572,2017-03-09,E10867,
G200747,E10139,LSP,Standard User,RITM100252,2017-03-14,E10650,
G200748,E10429,GL01,Standard User,RITM100792,2017-03-15,E10146,
G200749,E10557,GL01,Standard User,RITM101044,2017-03-16,E11043,
G200750,E10557,TMS,Standard User,RITM101045,2017-03-16,E10664,
G200751,E10722,TMS,Power User,RITM101363,2017-03-23,E10371,
G200752,E10616,FCR,Standard User,RITM101159,2017-03-24,E10762,
G200753,E10711,LSP,Standard User,RITM101346,2017-03-27,E10114,
G200754,E10273,LSP,Standard User,RITM100505,2017-03-28,E10107,
G200755,E10616,GL01,Standard User,RITM101157,2017-03-28,E10059,
G200756,E10616,TMS,Read Only,RITM101158,2017-03-28,E10221,
G200757,E10033,GL01,Read Only,RITM100053,2017-03-29,E10069,
G200758,E10033,LSP,Standard User,RITM100054,2017-03-29,E10083,
G200759,E10882,GL01,Power User,RITM101686,2017-03-29,E10044,
G200760,E10882,LSP,Standard User,RITM101687,2017-03-30,E11138,2025-06-09
G200761,E11123,LSP,Standard User,RITM102125,2017-04-07,E10650,2025-11-12
G200762,E10360,GL01,Standard User,RITM100654,2017-04-10,E10831,
G200763,E10360,LSP,Standard User,RITM100655,2017-04-10,E10348,
G200764,E10360,FCR,Standard User,RITM100656,2017-04-10,E10575,
G200765,E11141,LSP,Standard User,RITM102159,2017-04-14,E10934,
G200766,E11141,GL01,Standard User,RITM102160,2017-04-14,E10380,
G200767,E10369,GL01,Read Only,RITM100674,2017-04-17,E10716,
G200768,E11203,LSP,Standard User,RITM102278,2017-04-20,E10745,2025-10-27
G200769,E10487,GL01,Standard User,RITM100914,2017-04-27,E11136,
G200770,E10487,LSP,Read Only,RITM100915,2017-05-01,E11032,
G200771,E11034,LSP,Standard User,RITM101971,2017-05-08,E10965,
G200772,E10780,TMS,Read Only,RITM101486,2017-05-19,E10581,2025-09-18
G200773,E10780,GL01,Read Only,RITM101484,2017-05-23,E10171,2025-09-17
G200774,E10780,FCR,Power User,RITM101485,2017-05-24,E10187,2025-09-17
G200775,E10489,GL01,Standard User,RITM100921,2017-06-08,E10449,
G200776,E10375,LSP,Standard User,RITM100684,2017-06-12,E10179,
G200777,E10489,TMS,Read Only,RITM100920,2017-06-12,E10059,
G200778,E10677,TMS,Standard User,RITM101283,2017-06-15,E10968,
G200779,E10018,FCR,Standard User,RITM100030,2017-06-23,E10752,2025-08-06
G200780,E10231,FCR,Read Only,RITM100435,2017-06-26,E10289,2025-05-21
G200781,E10777,TMS,Standard User,RITM101478,2017-06-26,E10682,
G200782,E10018,GL01,Power User,RITM100031,2017-06-27,E10968,2025-08-08
G200783,E10573,LSP,Standard User,RITM101074,2017-06-27,E10107,
G200784,E10777,LSP,Standard User,RITM101477,2017-06-27,E10197,2025-07-02
G200785,E10231,TMS,Power User,RITM100434,2017-06-28,E10044,2025-05-22
G200786,E10231,GL01,Standard User,RITM100436,2017-06-28,E10171,2025-05-27
G200787,E10363,TMS,Standard User,RITM100662,2017-06-28,E11069,
G200788,E10363,FCR,Power User,RITM100660,2017-06-29,E10934,
G200789,E10363,GL01,Standard User,RITM100661,2017-06-29,E10745,
G200790,E11074,GL01,Read Only,RITM102037,2017-07-03,E10197,
G200791,E11074,LSP,Standard User,RITM102036,2017-07-04,E10357,2025-10-07
G200792,E11074,FCR,Standard User,RITM102038,2017-07-04,E10114,
G200793,E10171,GL01,Read Only,RITM100314,2017-07-06,E10762,
G200794,E10171,LSP,Read Only,RITM100315,2017-07-06,E10106,
G200795,E10342,GL01,Standard User,RITM100623,2017-07-11,E10380,
G200796,E10961,FCR,Power User,RITM101845,2017-07-12,E10100,
G200797,E10904,LSP,Standard User,RITM101732,2017-07-13,E10371,
G200798,E10137,GL01,Standard User,RITM100250,2017-07-14,E10371,
G200799,E10396,FCR,Power User,RITM100717,2017-07-18,E10197,
G200800,E10396,GL01,Standard User,RITM100718,2017-07-18,E10059,
G200801,E10396,LSP,Power User,RITM100716,2017-07-19,E10831,
G200802,E10467,GL01,Power User,RITM100871,2017-07-21,E10380,
G200803,E11035,TMS,Standard User,RITM101972,2017-07-24,E10791,
G200804,E11035,GL01,Standard User,RITM101973,2017-07-24,E10221,
G200805,E10467,FCR,Read Only,RITM100872,2017-07-25,E10107,
G200806,E10467,TMS,Standard User,RITM100870,2017-07-26,E10221,
G200807,E10397,GL01,Read Only,RITM100721,2017-07-28,E11138,2025-03-04
G200808,E10742,LSP,Standard User,RITM101408,2017-07-28,E10100,
G200809,E11139,FCR,Standard User,RITM102154,2017-07-28,E10664,
G200810,E10397,FCR,Standard User,RITM100720,2017-08-01,E10764,
G200811,E11139,TMS,Standard User,RITM102155,2017-08-01,E10965,
G200812,E11139,GL01,Power User,RITM102156,2017-08-01,E11016,
G200813,E10397,TMS,Read Only,RITM100719,2017-08-02,E10357,
G200814,E11238,GL01,Standard User,RITM102346,2017-08-04,E10059,
G200815,E11238,LSP,Power User,RITM102347,2017-08-09,E10357,
G200816,E10204,LSP,Read Only,RITM100377,2017-08-10,E10934,
G200817,E10204,GL01,Power User,RITM100378,2017-08-10,E10187,
G200818,E10991,GL01,Standard User,RITM101893,2017-08-14,E10034,
G200819,E10991,LSP,Standard User,RITM101894,2017-08-14,E10934,
G200820,E11069,LSP,Standard User,RITM102028,2017-08-15,E10146,
G200821,E11069,GL01,Standard User,RITM102029,2017-08-15,E10017,
G200822,E11102,GL01,Read Only,RITM102091,2017-08-23,E10752,
G200823,E10181,GL01,Read Only,RITM100336,2017-08-24,E10773,2025-06-30
G200824,E10087,FCR,Standard User,RITM100148,2017-09-08,E10179,
G200825,E10087,LSP,Standard User,RITM100149,2017-09-08,E10650,
G200826,E10502,FCR,Standard User,RITM100945,2017-09-11,E10122,
G200827,E11249,LSP,Standard User,RITM102373,2017-09-12,E11003,
G200828,E11249,GL01,Power User,RITM102374,2017-09-12,E10348,
G200829,E10502,TMS,Read Only,RITM100944,2017-09-13,E11136,
G200830,E10785,TMS,Standard User,RITM101496,2017-09-14,E11043,
G200831,E10785,FCR,Standard User,RITM101498,2017-09-14,E10650,
G200832,E10785,GL01,Read Only,RITM101497,2017-09-15,E10587,
G200833,E10723,LSP,Standard User,RITM101364,2017-09-21,E10323,
G200834,E10933,GL01,Standard User,RITM101794,2017-10-04,E10716,
G200835,E10933,FCR,Standard User,RITM101793,2017-10-05,E11069,2025-07-10
G200836,E10962,LSP,Read Only,RITM101846,2017-10-05,E10603,2025-02-13
G200837,E10197,GL01,Standard User,RITM100363,2017-10-06,E10542,
G200838,E10197,LSP,Standard User,RITM100364,2017-10-09,E10683,
G200839,E11143,FCR,Standard User,RITM102163,2017-10-09,E10745,
G200840,E11143,LSP,Power User,RITM102164,2017-10-10,E10034,
G200841,E10600,TMS,Power User,RITM101125,2017-10-12,E10317,
G200842,E10648,GL01,Standard User,RITM101219,2017-10-13,E11138,
G200843,E10600,LSP,Standard User,RITM101124,2017-10-16,E10716,
G200844,E10600,GL01,Read Only,RITM101126,2017-10-16,E10752,
G200845,E10648,TMS,Standard User,RITM101218,2017-10-16,E10044,
G200846,E10912,GL01,Power User,RITM101746,2017-10-23,E10179,
G200847,E10958,GL01,Standard User,RITM101840,2017-10-24,E10323,2025-04-01
G200848,E10495,TMS,Standard User,RITM100932,2017-10-25,E10059,
G200849,E10971,GL01,Read Only,RITM101862,2017-10-26,E10968,
G200850,E10971,TMS,Standard User,RITM101863,2017-10-26,E10059,
G200851,E10983,GL01,Read Only,RITM101879,2017-10-26,E10981,
G200852,E10971,FCR,Standard User,RITM101861,2017-10-27,E11082,
G200853,E10983,TMS,Standard User,RITM101880,2017-10-27,E11231,
G200854,E10494,LSP,Standard User,RITM100931,2017-10-31,E10017,
G200855,E11187,TMS,Standard User,RITM102248,2017-11-01,E10034,
G200856,E10874,GL01,Read Only,RITM101667,2017-11-02,E11082,
G200857,E11187,FCR,Standard User,RITM102247,2017-11-02,E10304,
G200858,E10874,LSP,Standard User,RITM101668,2017-11-03,E10664,
G200859,E10907,TMS,Standard User,RITM101736,2017-11-13,E10171,
G200860,E10339,LSP,Administrator,RITM102470,2017-11-14,E10141,2025-09-12
G200861,E10907,GL01,Standard User,RITM101737,2017-11-14,E10288,
G200862,E10407,LSP,Standard User,RITM100745,2017-11-20,E10542,
G200863,E10885,LSP,Standard User,RITM101693,2017-11-20,E10706,
G200864,E10407,GL01,Power User,RITM100746,2017-11-21,E11016,
G200865,E10791,LSP,Read Only,RITM101509,2017-11-22,E10246,2025-10-08
G200866,E11025,GL01,Standard User,RITM101957,2017-11-22,E10867,
G200867,E10586,GL01,Power User,RITM101098,2017-11-23,E10317,2025-06-30
G200868,E10949,LSP,Standard User,RITM101825,2017-11-23,E11138,
G200869,E10224,FCR,Power User,RITM100420,2017-11-24,E10102,2025-07-28
G200870,E11168,LSP,Standard User,RITM102211,2017-11-24,E11032,
G200871,E10949,GL01,Standard User,RITM101824,2017-11-27,E10179,
G200872,E10028,FCR,Power User,RITM100044,2017-11-28,E11069,
G200873,E11168,GL01,Standard User,RITM102210,2017-11-28,E10934,
G200874,E11147,LSP,Standard User,RITM102172,2017-12-01,E11003,
G200875,E10616,GL01,Administrator,RITM102540,2017-12-29,E11086,
G200876,E10249,GL01,Read Only,RITM100464,2018-01-10,E10380,
G200877,E11093,LSP,Power User,RITM102074,2018-01-11,E11003,2025-08-26
G200878,E11093,GL01,Power User,RITM102073,2018-01-12,E10200,2025-08-22
G200879,E10391,FCR,Database Administrator,RITM102480,2018-01-15,E10669,
G200880,E11118,FCR,Standard User,RITM102117,2018-01-26,E11231,
G200881,E11118,GL01,Standard User,RITM102118,2018-01-30,E10122,
G200882,E10257,LSP,Read Only,RITM100478,2018-02-05,E10773,
G200883,E10884,TMS,Standard User,RITM101691,2018-02-05,E11082,2025-11-28
G200884,E11086,FCR,Standard User,RITM102061,2018-02-05,E10102,
G200885,E10107,LSP,Power User,RITM100191,2018-02-06,E10246,
G200886,E11086,GL01,Standard User,RITM102060,2018-02-06,E10791,
G200887,E10884,FCR,Standard User,RITM101692,2018-02-07,E10122,
G200888,E10952,GL01,Read Only,RITM101830,2018-02-19,E10323,
G200889,E11046,TMS,Standard User,RITM101993,2018-02-26,E10683,
G200890,E10818,LSP,Read Only,RITM101563,2018-02-28,E11223,
G200891,E10090,LSP,Administrator,RITM102398,2018-03-02,E10765,
G200892,E10228,TMS,Read Only,RITM100428,2018-03-06,E10683,
G200893,E10228,GL01,Standard User,RITM100427,2018-03-08,E11016,
G200894,E10716,LSP,Standard User,RITM101355,2018-03-08,E10179,
G200895,E10796,LSP,Read Only,RITM101517,2018-03-13,E10934,
G200896,E10754,LSP,Standard User,RITM101432,2018-03-30,E10059,2025-07-21
G200897,E10567,GL01,Standard User,RITM101062,2018-04-04,E10581,
G200898,E10567,TMS,Standard User,RITM101063,2018-04-09,E10706,
G200899,E10187,LSP,Power User,RITM100344,2018-04-13,E10357,
G200900,E10122,GL01,Standard User,RITM100221,2018-04-16,E10587,2025-09-02
G200901,E10122,TMS,Power User,RITM100222,2018-04-18,E10587,
G200902,E10050,GL01,Standard User,RITM100084,2018-04-19,E10966,
G200903,E10505,LSP,Standard User,RITM100950,2018-04-20,E11069,
G200904,E10434,TMS,Standard User,RITM100801,2018-04-24,E10981,
G200905,E10434,FCR,Power User,RITM100802,2018-04-27,E10246,
G200906,E10434,GL01,Standard User,RITM100803,2018-04-27,E10317,
G200907,E10522,LSP,Standard User,RITM100978,2018-04-30,E10716,2025-08-01
G200908,E11133,LSP,Read Only,RITM102141,2018-05-01,E11016,
G200909,E10522,GL01,Standard User,RITM100977,2018-05-02,E10773,
G200910,E10577,FCR,Power User,RITM101082,2018-05-04,E11003,2025-02-07
G200911,E10577,LSP,Standard User,RITM101083,2018-05-07,E10106,2025-02-13
G200912,E11075,TMS,Power User,RITM102042,2018-05-07,E10831,
G200913,E11075,GL01,Read Only,RITM102040,2018-05-09,E10059,
G200914,E11075,FCR,Standard User,RITM102041,2018-05-09,E10831,
G200915,E10192,LSP,Standard User,RITM100352,2018-05-14,E10968,
G200916,E11187,GL01,Superuser,RITM102685,2018-05-15,E10669,
G200917,E10192,FCR,Standard User,RITM100353,2018-05-16,E10762,
G200918,E10420,GL01,Read Only,RITM100771,2018-05-21,E10885,
G200919,E10420,LSP,Power User,RITM100770,2018-05-22,E10683,
G200920,E11178,GL01,Standard User,RITM102232,2018-05-24,E10357,
G200921,E11145,TMS,Standard User,RITM102168,2018-05-31,E10581,
G200922,E11145,FCR,Read Only,RITM102169,2018-05-31,E10762,
G200923,E10413,LSP,Standard User,RITM100757,2018-06-01,E10107,
G200924,E10843,FCR,Power User,RITM101608,2018-06-05,E10106,
G200925,E11145,GL01,Standard User,RITM102167,2018-06-05,E10221,
G200926,E10239,TMS,Read Only,RITM100448,2018-06-07,E10575,
G200927,E10337,FCR,Database Administrator,RITM102468,2018-06-11,E11086,
G200928,E10822,GL01,Read Only,RITM101569,2018-06-11,E10357,
G200929,E10822,LSP,Standard User,RITM101570,2018-06-11,E10083,
G200930,E10822,FCR,Standard User,RITM101571,2018-06-11,E10197,
G200931,E11160,GL01,Standard User,RITM102196,2018-06-14,E10764,
G200932,E10533,GL01,Standard User,RITM100998,2018-06-15,E10044,2025-01-08
G200933,E10533,LSP,Read Only,RITM100997,2018-06-18,E10745,2025-01-07
G200934,E10576,GL01,Standard User,RITM101079,2018-06-18,E10289,
G200935,E10576,LSP,Read Only,RITM101081,2018-06-18,E10648,
G200936,E10373,TMS,Power User,RITM100681,2018-06-20,E10102,2025-01-29
G200937,E10576,FCR,Power User,RITM101080,2018-06-20,E10968,
G200938,E10304,GL01,Standard User,RITM100558,2018-06-21,E10745,
G200939,E11028,TMS,Standard User,RITM101960,2018-06-21,E10044,
G200940,E10285,FCR,Standard User,RITM100525,2018-06-22,E10706,
G200941,E10285,LSP,Power User,RITM100526,2018-06-25,E10100,
G200942,E11028,GL01,Read Only,RITM101961,2018-06-25,E10017,
G200943,E10721,LSP,Read Only,RITM101362,2018-06-27,E10764,2025-07-30
G200944,E10461,LSP,Standard User,RITM100856,2018-07-04,E10122,2025-07-29
G200945,E10461,FCR,Standard User,RITM100857,2018-07-04,E10317,2025-07-31
G200946,E10461,TMS,Standard User,RITM100858,2018-07-05,E10034,2025-07-29
G200947,E11070,FCR,Read Only,RITM102030,2018-07-25,E10200,
G200948,E10059,TMS,Power User,RITM100100,2018-07-30,E11016,
G200949,E10059,FCR,Read Only,RITM100101,2018-07-30,E10114,
G200950,E10059,GL01,Standard User,RITM100099,2018-08-02,E11138,
G200951,E10333,GL01,Standard User,RITM100607,2018-08-10,E11223,
G200952,E10294,GL01,Read Only,RITM100539,2018-08-14,E11111,
G200953,E10333,LSP,Standard User,RITM100606,2018-08-14,E10764,
G200954,E10333,FCR,Standard User,RITM100608,2018-08-14,E10764,
G200955,E10294,TMS,Read Only,RITM100540,2018-08-16,E10289,
G200956,E10294,FCR,Standard User,RITM100541,2018-08-17,E11136,
G200957,E10781,LSP,Read Only,RITM101488,2018-08-17,E10587,
G200958,E10165,GL01,Standard User,RITM100305,2018-08-20,E10034,
G200959,E10165,FCR,Standard User,RITM100304,2018-08-21,E10179,
G200960,E10015,TMS,Read Only,RITM100026,2018-08-22,E10882,
G200961,E10200,FCR,Read Only,RITM100371,2018-08-24,E10114,
G200962,E10657,TMS,Standard User,RITM101237,2018-08-27,E10289,
G200963,E10358,FCR,Standard User,RITM100650,2018-08-28,E10179,
G200964,E10549,TMS,Read Only,RITM101028,2018-08-28,E10867,
G200965,E10358,TMS,Power User,RITM100651,2018-08-29,E10044,
G200966,E10549,FCR,Read Only,RITM101029,2018-08-29,E11138,
G200967,E10657,GL01,Read Only,RITM101238,2018-08-29,E10246,
G200968,E10358,GL01,Read Only,RITM100652,2018-08-30,E10885,
G200969,E10549,GL01,Standard User,RITM101030,2018-08-30,E10934,
G200970,E10044,LSP,Standard User,RITM100076,2018-08-31,E10348,
G200971,E10170,GL01,Power User,RITM100313,2018-09-03,E10187,
G200972,E10479,LSP,Standard User,RITM100897,2018-09-04,E10882,
G200973,E10378,TMS,Standard User,RITM100689,2018-09-11,E10114,2025-10-07
G200974,E10378,GL01,Standard User,RITM100688,2018-09-12,E11003,
G200975,E10102,LSP,Power User,RITM100182,2018-09-20,E10017,
G200976,E10216,GL01,Standard User,RITM100403,2018-09-20,E10644,
G200977,E10216,TMS,Standard User,RITM100404,2018-09-20,E10791,
G200978,E10216,FCR,Standard User,RITM100402,2018-09-24,E10882,
G200979,E10508,GL01,Standard User,RITM100954,2018-09-25,E10867,
G200980,E10305,TMS,Standard User,RITM100559,2018-09-28,E10575,
G200981,E10305,FCR,Standard User,RITM100560,2018-10-01,E11138,
G200982,E10305,GL01,Power User,RITM100561,2018-10-02,E10716,
G200983,E10068,GL01,Standard User,RITM100115,2018-10-04,E10587,
G200984,E11156,LSP,Read Only,RITM102187,2018-10-04,E10348,
G200985,E10068,FCR,Power User,RITM100116,2018-10-05,E10966,
G200986,E10068,TMS,Standard User,RITM100114,2018-10-09,E11016,
G200987,E10233,LSP,Standard User,RITM100439,2018-10-10,E10044,
G200988,E10317,LSP,Standard User,RITM100581,2018-10-10,E10965,
G200989,E10052,LSP,Standard User,RITM100088,2018-10-11,E11032,
G200990,E10376,TMS,Standard User,RITM100685,2018-10-11,E10059,
G200991,E10376,LSP,Standard User,RITM100686,2018-10-11,E10323,
G200992,E11127,GL01,Read Only,RITM102130,2018-10-19,E10371,
G200993,E10236,LSP,Standard User,RITM100444,2018-10-22,E11043,
G200994,E11065,LSP,Standard User,RITM102022,2018-10-29,E11069,
G200995,E10920,FCR,Standard User,RITM101769,2018-10-30,E10966,
G200996,E11065,GL01,Standard User,RITM102021,2018-10-30,E11043,
G200997,E10920,TMS,Read Only,RITM101768,2018-10-31,E11016,
G200998,E10541,GL01,Standard User,RITM101014,2018-11-02,E10348,
G200999,E10541,TMS,Standard User,RITM101013,2018-11-06,E10831,
G201000,E11052,LSP,Standard User,RITM102002,2018-11-06,E10575,
G201001,E10876,LSP,Standard User,RITM101673,2018-11-12,E10221,2025-04-09
G201002,E10935,GL01,Read Only,RITM101796,2018-11-14,E10171,
G201003,E10935,TMS,Read Only,RITM101797,2018-11-14,E10968,
G201004,E10336,GL01,Standard User,RITM100613,2018-11-20,E10581,2025-07-29
G201005,E11094,TMS,Standard User,RITM102075,2018-11-23,E10107,
G201006,E10371,LSP,Read Only,RITM100676,2018-11-29,E11069,2025-07-01
G201007,E11174,GL01,Standard User,RITM102222,2018-11-29,E10179,
G201008,E10779,FCR,Read Only,RITM101482,2018-12-04,E10716,
G201009,E11174,TMS,Standard User,RITM102221,2018-12-04,E11136,
G201010,E10351,GL01,Standard User,RITM100636,2018-12-06,E10764,
G201011,E10351,LSP,Power User,RITM100637,2018-12-07,E10882,
G201012,E10926,GL01,Administrator,RITM102625,2018-12-10,E10324,
G201013,E10010,LSP,Power User,RITM100017,2018-12-14,E10289,
G201014,E10296,FCR,Power User,RITM100545,2018-12-17,E11136,
G201015,E10751,TMS,Standard User,RITM101424,2018-12-18,E11032,
G201016,E10751,FCR,Read Only,RITM101426,2018-12-18,E10764,
G201017,E10296,TMS,Standard User,RITM100546,2018-12-20,E11223,
G201018,E10751,GL01,Read Only,RITM101425,2018-12-21,E10371,
G201019,E10898,GL01,Standard User,RITM101716,2018-12-24,E10603,
G201020,E10915,LSP,Read Only,RITM101754,2018-12-25,E10706,2025-12-10
G201021,E10828,GL01,Standard User,RITM101584,2018-12-27,E10745,
G201022,E10898,LSP,Standard User,RITM101717,2018-12-27,E10200,
G201023,E10828,FCR,Standard User,RITM101585,2018-12-28,E10348,
G201024,E10272,LSP,Power User,RITM100504,2019-01-01,E10102,
G201025,E10875,FCR,Read Only,RITM101669,2019-01-01,E10650,
G201026,E10875,TMS,Standard User,RITM101671,2019-01-01,E10017,
G201027,E10875,GL01,Standard User,RITM101670,2019-01-03,E10100,2025-12-08
G201028,E10498,LSP,Standard User,RITM100937,2019-01-08,E10102,
G201029,E11043,LSP,Standard User,RITM101986,2019-01-09,E10017,
G201030,E11126,GL01,Power User,RITM102128,2019-01-16,E10197,2025-06-11
G201031,E11126,FCR,Power User,RITM102129,2019-01-17,E10683,2025-06-12
G201032,E11084,LSP,Read Only,RITM102058,2019-01-18,E11231,
G201033,E10496,LSP,Standard User,RITM100934,2019-01-21,E11069,
G201034,E10327,LSP,Standard User,RITM100595,2019-01-28,E10764,
G201035,E11088,LSP,Standard User,RITM102066,2019-01-29,E10762,
G201036,E10793,GL01,Standard User,RITM101513,2019-01-31,E10934,
G201037,E10748,GL01,Read Only,RITM101418,2019-02-01,E10644,
G201038,E11088,GL01,Standard User,RITM102067,2019-02-01,E10348,
G201039,E10287,GL01,Power User,RITM100530,2019-02-07,E11223,
G201040,E10288,GL01,Read Only,RITM100532,2019-02-07,E10122,
G201041,E10162,GL01,Standard User,RITM100299,2019-02-15,E10304,
G201042,E10221,LSP,Standard User,RITM100416,2019-02-15,E10106,
G201043,E10221,GL01,Read Only,RITM100417,2019-02-15,E10542,2025-10-29
G201044,E11222,FCR,Standard User,RITM102311,2019-02-15,E10221,
G201045,E11222,GL01,Standard User,RITM102312,2019-02-18,E10683,
G201046,E11222,LSP,Standard User,RITM102310,2019-02-19,E10764,
G201047,E10106,FCR,Read Only,RITM100189,2019-02-20,E10017,
G201048,E10106,GL01,Standard User,RITM100187,2019-02-22,E10867,
G201049,E10106,TMS,Standard User,RITM100188,2019-02-25,E10966,
G201050,E10222,TMS,Read Only,RITM100418,2019-02-27,E10197,2025-08-15
G201051,E10253,LSP,Power User,RITM100471,2019-02-27,E10380,
G201052,E10292,GL01,Read Only,RITM100537,2019-02-27,E10106,
G201053,E10583,LSP,Read Only,RITM101094,2019-02-28,E11231,
G201054,E10253,TMS,Standard User,RITM100472,2019-03-01,E10934,2025-04-25
G201055,E10253,GL01,Standard User,RITM100473,2019-03-04,E10034,
G201056,E11172,GL01,Read Only,RITM102217,2019-03-13,E10289,
G201057,E11181,TMS,Standard User,RITM102238,2019-03-13,E11223,2025-02-13
G201058,E11172,TMS,Standard User,RITM102218,2019-03-14,E10745,
G201059,E11181,GL01,Read Only,RITM102237,2019-03-15,E11231,
G201060,E10460,LSP,Read Only,RITM100853,2019-03-22,E10171,2025-05-28
G201061,E10817,GL01,Standard User,RITM101559,2019-03-22,E10449,
G201062,E10817,TMS,Standard User,RITM101560,2019-03-22,E11016,
G201063,E11078,LSP,Power User,RITM102048,2019-03-22,E11043,
G201064,E10460,FCR,Power User,RITM100854,2019-03-25,E11111,2025-06-02
G201065,E10817,FCR,Read Only,RITM101561,2019-03-25,E11231,2025-04-11
G201066,E10460,GL01,Read Only,RITM100855,2019-03-26,E11231,2025-05-30
G201067,E10570,GL01,Standard User,RITM101070,2019-03-27,E10221,
G201068,E10570,FCR,Power User,RITM101069,2019-03-28,E10357,
G201069,E10760,LSP,Standard User,RITM101442,2019-04-02,E10146,
G201070,E11032,FCR,Standard User,RITM101967,2019-04-02,E10069,
G201071,E10808,TMS,Standard User,RITM101538,2019-04-05,E10100,2025-03-17
G201072,E10551,LSP,Standard User,RITM101032,2019-04-09,E10773,
G201073,E10335,LSP,Read Only,RITM100612,2019-04-10,E11231,
G201074,E10632,FCR,Standard User,RITM101185,2019-04-11,E10044,
G201075,E10253,GL01,Administrator,RITM102434,2019-04-18,E11086,
G201076,E10969,LSP,Standard User,RITM101858,2019-05-03,E10867,
G201077,E11165,LSP,Standard User,RITM102205,2019-05-07,E10542,2025-02-10
G201078,E10166,LSP,Standard User,RITM100307,2019-05-08,E10934,
G201079,E10749,LSP,Standard User,RITM101419,2019-05-09,E11231,
G201080,E10889,TMS,Standard User,RITM101700,2019-05-10,E10083,
G201081,E10166,GL01,Standard User,RITM100308,2019-05-13,E10146,
G201082,E10045,LSP,Standard User,RITM100077,2019-05-15,E10581,2025-05-22
G201083,E10825,GL01,Standard User,RITM101579,2019-05-21,E10371,
G201084,E11103,TMS,Power User,RITM102093,2019-05-24,E10122,2025-07-14
G201085,E11103,FCR,Standard User,RITM102094,2019-05-24,E10752,2025-07-10
G201086,E10705,GL01,Power User,RITM101338,2019-05-28,E10317,2025-12-02
G201087,E11103,LSP,Standard User,RITM102092,2019-05-28,E10221,2025-07-10
G201088,E11164,LSP,Read Only,RITM102204,2019-05-28,E10706,
G201089,E11164,FCR,Read Only,RITM102203,2019-05-29,E10246,
G201090,E10705,LSP,Power User,RITM101337,2019-05-30,E10102,2025-12-03
G201091,E10160,LSP,Standard User,RITM100296,2019-05-31,E10882,
G201092,E10160,FCR,Read Only,RITM100294,2019-06-03,E10752,
G201093,E10160,GL01,Power User,RITM100295,2019-06-03,E11016,
G201094,E10892,LSP,Read Only,RITM101705,2019-06-05,E10371,
G201095,E10929,LSP,Read Only,RITM101785,2019-06-11,E10289,
G201096,E10929,GL01,Read Only,RITM101786,2019-06-12,E11032,
G201097,E10189,TMS,Standard User,RITM100348,2019-07-15,E11016,
G201098,E10189,GL01,Standard User,RITM100346,2019-07-16,E10200,
G201099,E10189,FCR,Standard User,RITM100347,2019-07-16,E10650,
G201100,E10519,LSP,Standard User,RITM100972,2019-07-18,E10885,
G201101,E10574,LSP,Standard User,RITM101075,2019-07-23,E10197,
G201102,E10440,LSP,Power User,RITM100812,2019-07-29,E10348,
G201103,E10440,GL01,Read Only,RITM100811,2019-07-30,E10044,
G201104,E10706,LSP,Standard User,RITM101339,2019-08-20,E10179,
G201105,E11079,GL01,Standard User,RITM102049,2019-08-21,E10179,
G201106,E11079,LSP,Standard User,RITM102050,2019-08-21,E11032,
G201107,E10792,FCR,Standard User,RITM101510,2019-08-26,E11111,2025-10-07
G201108,E10792,TMS,Standard User,RITM101511,2019-08-27,E10107,2025-10-02
G201109,E10792,GL01,Standard User,RITM101512,2019-08-28,E10449,2025-10-02
G201110,E10864,GL01,Read Only,RITM101646,2019-08-30,E10323,
G201111,E10989,LSP,Standard User,RITM101887,2019-08-30,E11111,
G201112,E10989,FCR,Read Only,RITM101888,2019-08-30,E10682,
G201113,E10989,GL01,Standard User,RITM101889,2019-09-02,E10317,
G201114,E11247,FCR,Superuser,RITM102704,2019-09-02,E10765,2025-03-24
G201115,E10587,GL01,Standard User,RITM101099,2019-09-03,E10069,
G201116,E10864,LSP,Standard User,RITM101647,2019-09-03,E10146,
G201117,E10031,LSP,Standard User,RITM100050,2019-09-05,E10575,
G201118,E11018,GL01,Standard User,RITM101942,2019-09-11,E10603,
G201119,E11018,LSP,Read Only,RITM101941,2019-09-12,E10575,
G201120,E11237,LSP,Power User,RITM102345,2019-09-12,E10289,2025-04-17
G201121,E10428,GL01,Read Only,RITM100788,2019-09-19,E11082,
G201122,E10428,LSP,Power User,RITM100789,2019-09-19,E10764,
G201123,E10428,FCR,Standard User,RITM100790,2019-09-20,E10317,
G201124,E10001,GL01,Standard User,RITM100001,2019-10-01,E10317,2025-09-23
G201125,E10682,GL01,Standard User,RITM101291,2019-10-02,E10867,
G201126,E10696,GL01,Standard User,RITM101323,2019-10-02,E10773,
G201127,E10682,LSP,Standard User,RITM101292,2019-10-03,E10664,2025-11-04
G201128,E10696,LSP,Standard User,RITM101324,2019-10-03,E10968,
G201129,E10914,FCR,Standard User,RITM101751,2019-10-04,E10587,
G201130,E10914,GL01,Standard User,RITM101752,2019-10-07,E10348,
G201131,E10795,FCR,Standard User,RITM101515,2019-10-08,E10542,2025-04-07
G201132,E10928,TMS,Read Only,RITM101784,2019-10-08,E11138,
G201133,E10795,GL01,Standard User,RITM101516,2019-10-09,E10831,2025-04-10
G201134,E10914,TMS,Standard User,RITM101750,2019-10-09,E10764,2025-03-21
G201135,E11186,LSP,Read Only,RITM102246,2019-10-31,E10323,
G201136,E11040,TMS,Read Only,RITM101980,2019-11-01,E10449,2025-08-14
G201137,E11040,GL01,Standard User,RITM101981,2019-11-04,E10664,2025-08-20
G201138,E10955,LSP,Power User,RITM101836,2019-11-22,E10044,
G201139,E10955,GL01,Standard User,RITM101837,2019-11-25,E10371,
G201140,E10565,LSP,Read Only,RITM101058,2019-11-27,E10380,
G201141,E10565,FCR,Read Only,RITM101057,2019-11-28,E10246,
G201142,E10725,GL01,Power User,RITM101369,2019-11-28,E10102,
G201143,E10725,TMS,Standard User,RITM101370,2019-11-28,E10179,
G201144,E10146,GL01,Standard User,RITM100267,2019-11-29,E10581,
G201145,E10146,LSP,Read Only,RITM100268,2019-12-02,E10357,
G201146,E10565,GL01,Standard User,RITM101059,2019-12-02,E10648,
G201147,E10984,FCR,Power User,RITM101881,2019-12-09,E10762,
G201148,E10680,LSP,Standard User,RITM101288,2019-12-16,E10773,
G201149,E10893,LSP,Standard User,RITM101707,2019-12-24,E10664,
G201150,E10893,GL01,Read Only,RITM101706,2019-12-25,E10716,
G201151,E10692,GL01,Standard User,RITM101317,2019-12-30,E11003,
G201152,E10293,TMS,Standard User,RITM100538,2020-01-06,E10357,
G201153,E11149,LSP,Read Only,RITM102175,2020-01-06,E10371,2025-09-19
G201154,E10700,LSP,Read Only,RITM101329,2020-01-08,E11032,
G201155,E10017,FCR,Standard User,RITM100029,2020-01-14,E11032,2025-06-06
G201156,E10213,LSP,Standard User,RITM100397,2020-01-29,E10317,
G201157,E10937,GL01,Standard User,RITM101801,2020-01-29,E10114,2025-08-28
G201158,E10937,FCR,Standard User,RITM101802,2020-01-30,E10146,2025-08-27
G201159,E10007,FCR,Power User,RITM100009,2020-02-03,E10752,
G201160,E10007,GL01,Read Only,RITM100010,2020-02-04,E10317,
G201161,E10384,TMS,Read Only,RITM100700,2020-02-05,E11043,
G201162,E10007,TMS,Read Only,RITM100011,2020-02-06,E10603,
G201163,E10096,GL01,Standard User,RITM100172,2020-02-10,E10885,
G201164,E10384,LSP,Read Only,RITM100701,2020-02-10,E10304,
G201165,E11142,GL01,Standard User,RITM102162,2020-02-14,E10752,
G201166,E10642,FCR,Standard User,RITM101204,2020-02-17,E10246,2025-07-29
G201167,E10642,LSP,Read Only,RITM101205,2020-02-20,E10187,2025-07-30
G201168,E10325,LSP,Power User,RITM100593,2020-02-21,E10644,
G201169,E10717,LSP,Read Only,RITM101356,2020-03-06,E11082,
G201170,E10753,FCR,Standard User,RITM101430,2020-03-11,E10197,
G201171,E10753,LSP,Standard User,RITM101431,2020-03-12,E10017,
G201172,E10824,LSP,Standard User,RITM101576,2020-03-16,E11069,2025-03-13
G201173,E10824,GL01,Read Only,RITM101577,2020-03-17,E10317,
G201174,E10135,FCR,Standard User,RITM100248,2020-03-20,E10841,2025-02-10
G201175,E10341,TMS,Standard User,RITM100622,2020-03-23,E10841,
G201176,E11162,TMS,Standard User,RITM102200,2020-03-24,E10764,
G201177,E10923,GL01,Standard User,RITM101775,2020-03-26,E10981,
G201178,E11162,LSP,Standard User,RITM102201,2020-03-26,E10773,
G201179,E10923,LSP,Standard User,RITM101774,2020-03-27,E10171,
G201180,E10077,FCR,Read Only,RITM100128,2020-03-31,E10034,
G201181,E10077,LSP,Standard User,RITM100127,2020-04-01,E10171,
G201182,E10211,FCR,Read Only,RITM100393,2020-04-08,E10357,
G201183,E10211,LSP,Standard User,RITM100392,2020-04-09,E10682,
G201184,E10653,FCR,Standard User,RITM101228,2020-04-13,E11111,
G201185,E10653,LSP,Standard User,RITM101230,2020-04-13,E10317,
G201186,E10653,GL01,Power User,RITM101229,2020-04-14,E10380,
G201187,E10184,LSP,Standard User,RITM100339,2020-04-17,E10575,2025-11-12
G201188,E10619,TMS,Power User,RITM101165,2020-04-17,E10587,
G201189,E10619,GL01,Standard User,RITM101166,2020-04-17,E10187,
G201190,E11191,FCR,Standard User,RITM102259,2020-04-17,E10575,
G201191,E10110,LSP,Power User,RITM100198,2020-04-20,E10968,
G201192,E10095,FCR,Standard User,RITM100168,2020-04-24,E10323,
G201193,E10105,LSP,Standard User,RITM100186,2020-04-24,E10380,
G201194,E10095,GL01,Power User,RITM100170,2020-04-28,E11043,
G201195,E10095,TMS,Read Only,RITM100169,2020-04-29,E10831,
G201196,E10975,GL01,Power User,RITM101869,2020-05-07,E10981,
G201197,E10925,FCR,Read Only,RITM101778,2020-05-13,E10187,
G201198,E10406,FCR,Standard User,RITM100742,2020-05-14,E10650,2025-12-24
G201199,E10925,GL01,Standard User,RITM101777,2020-05-14,E10581,
G201200,E10925,TMS,Power User,RITM101779,2020-05-14,E10966,
G201201,E10406,LSP,Standard User,RITM100743,2020-05-15,E10102,2025-12-05
G201202,E10035,LSP,Read Only,RITM100058,2020-05-18,E10966,
G201203,E10035,TMS,Standard User,RITM100059,2020-05-18,E10648,
G201204,E10788,FCR,Read Only,RITM101503,2020-05-18,E10764,
G201205,E10406,TMS,Standard User,RITM100744,2020-05-19,E10187,2025-12-03
G201206,E10704,TMS,Standard User,RITM101334,2020-05-19,E10179,
G201207,E10788,GL01,Standard User,RITM101501,2020-05-19,E10841,
G201208,E10788,LSP,Standard User,RITM101502,2020-05-19,E10044,
G201209,E11210,LSP,Power User,RITM102290,2020-05-19,E10059,
G201210,E10035,GL01,Standard User,RITM100057,2020-05-20,E10197,
G201211,E10704,GL01,Read Only,RITM101335,2020-05-20,E10575,
G201212,E10704,FCR,Read Only,RITM101336,2020-05-21,E10323,
G201213,E10058,LSP,Standard User,RITM100097,2020-05-25,E10017,
G201214,E10058,GL01,Read Only,RITM100098,2020-05-25,E10357,
G201215,E11138,FCR,Standard User,RITM102151,2020-05-29,E10867,
G201216,E10431,LSP,Standard User,RITM100797,2020-06-01,E10288,
G201217,E11138,GL01,Standard User,RITM102152,2020-06-02,E10449,
G201218,E11138,LSP,Standard User,RITM102153,2020-06-02,E10187,
G201219,E10055,TMS,Standard User,RITM100093,2020-06-04,E10380,2025-03-11
G201220,E10300,LSP,Standard User,RITM100551,2020-06-04,E11231,
G201221,E10797,FCR,Read Only,RITM101518,2020-06-04,E10348,
G201222,E11171,GL01,Power User,RITM102216,2020-06-10,E10317,2025-09-24
G201223,E11239,FCR,Standard User,RITM102348,2020-06-19,E10059,
G201224,E11239,GL01,Standard User,RITM102349,2020-06-22,E10745,
G201225,E10012,GL01,Power User,RITM100020,2020-07-01,E11032,
G201226,E11225,FCR,Standard User,RITM102317,2020-07-01,E10106,
G201227,E10976,TMS,Read Only,RITM101870,2020-07-02,E10221,
G201228,E11225,GL01,Standard User,RITM102318,2020-07-02,E10644,
G201229,E11225,TMS,Read Only,RITM102319,2020-07-02,E10179,
G201230,E11112,GL01,Read Only,RITM102108,2020-07-09,E10179,
G201231,E11037,LSP,Power User,RITM101976,2020-07-10,E10246,
G201232,E10100,LSP,Power User,RITM100178,2020-07-14,E10069,
G201233,E10100,GL01,Standard User,RITM100177,2020-07-15,E11032,
G201234,E10080,TMS,Standard User,RITM100132,2020-07-22,E11032,
G201235,E10080,GL01,Read Only,RITM100133,2020-07-23,E10575,
G201236,E10938,GL01,Read Only,RITM101803,2020-07-27,E10348,2025-07-22
G201237,E11115,GL01,Standard User,RITM102112,2020-07-27,E10200,
G201238,E11115,FCR,Standard User,RITM102113,2020-07-27,E10107,
G201239,E10938,LSP,Standard User,RITM101804,2020-07-28,E10683,
G201240,E10956,LSP,Power User,RITM101838,2020-07-29,E10934,
G201241,E11115,TMS,Read Only,RITM102114,2020-07-30,E11136,
G201242,E11039,FCR,Standard User,RITM101978,2020-08-05,E11223,
G201243,E11039,TMS,Read Only,RITM101979,2020-08-05,E11231,
G201244,E10385,LSP,Power User,RITM100702,2020-08-10,E10221,2025-07-29
G201245,E10218,GL01,Read Only,RITM100410,2020-08-12,E10885,2025-12-19
G201246,E10433,LSP,Read Only,RITM100799,2020-08-12,E10357,
G201247,E10218,FCR,Standard User,RITM100409,2020-08-13,E10179,2025-12-18
G201248,E10186,LSP,Standard User,RITM100342,2020-08-17,E10449,
G201249,E10886,GL01,Standard User,RITM101695,2020-08-17,E10171,
G201250,E11066,TMS,Standard User,RITM102024,2020-08-20,E10683,
G201251,E11066,FCR,Standard User,RITM102025,2020-08-20,E10221,
G201252,E11210,GL01,Database Administrator,RITM102697,2020-08-24,E10765,
G201253,E11158,LSP,Read Only,RITM102191,2020-09-02,E10197,
G201254,E10855,LSP,Standard User,RITM101628,2020-09-03,E11231,
G201255,E11205,GL01,Read Only,RITM102280,2020-09-03,E10682,
G201256,E10540,LSP,Read Only,RITM101012,2020-09-04,E10773,2025-04-28
G201257,E11158,GL01,Standard User,RITM102192,2020-09-04,E10114,
G201258,E11158,FCR,Read Only,RITM102193,2020-09-04,E10831,
G201259,E11205,LSP,Read Only,RITM102281,2020-09-08,E10664,
G201260,E10227,LSP,Read Only,RITM100425,2020-09-09,E10100,
G201261,E11166,GL01,Standard User,RITM102208,2020-09-17,E11231,
G201262,E10618,FCR,Standard User,RITM101161,2020-09-21,E10716,
G201263,E10618,GL01,Standard User,RITM101163,2020-09-21,E10348,
G201264,E11166,FCR,Standard User,RITM102207,2020-09-21,E10981,
G201265,E10618,TMS,Read Only,RITM101162,2020-09-22,E10683,
G201266,E10054,GL01,Standard User,RITM100092,2020-09-23,E10449,
G201267,E10168,FCR,Standard User,RITM100310,2020-09-23,E10304,
G201268,E11042,TMS,Standard User,RITM101985,2020-09-23,E10221,2025-02-25
G201269,E11042,GL01,Power User,RITM101984,2020-09-25,E11136,2025-02-18
G201270,E10542,LSP,Standard User,RITM101015,2020-09-29,E10773,
G201271,E10769,LSP,Read Only,RITM101460,2020-09-29,E11136,
G201272,E10392,GL01,Read Only,RITM100710,2020-10-05,E10542,
G201273,E10014,LSP,Standard User,RITM100025,2020-10-07,E10371,
G201274,E10400,LSP,Standard User,RITM100729,2020-10-08,E10542,
G201275,E10400,GL01,Standard User,RITM100730,2020-10-08,E10449,
G201276,E10275,TMS,Power User,RITM100507,2020-10-09,E10106,
G201277,E10275,GL01,Standard User,RITM100508,2020-10-13,E10059,
G201278,E11054,LSP,Power User,RITM102005,2020-10-13,E10221,2025-09-16
G201279,E10279,LSP,Standard User,RITM100514,2020-10-26,E10542,2025-08-28
G201280,E10809,LSP,Standard User,RITM101540,2020-10-26,E10106,
G201281,E10154,TMS,Read Only,RITM100284,2020-10-29,E10100,
G201282,E10837,GL01,Standard User,RITM101601,2020-10-30,E11223,
G201283,E10899,GL01,Power User,RITM101721,2020-11-02,E10885,
G201284,E10154,FCR,Standard User,RITM100283,2020-11-03,E10882,
G201285,E10899,TMS,Standard User,RITM101719,2020-11-03,E10867,
G201286,E10899,FCR,Standard User,RITM101720,2020-11-04,E10575,
G201287,E10149,TMS,Standard User,RITM100274,2020-11-05,E10323,
G201288,E10149,GL01,Standard User,RITM100275,2020-11-06,E10752,2025-01-16
G201289,E10158,GL01,Standard User,RITM100292,2020-11-06,E10664,
G201290,E10654,GL01,Power User,RITM101231,2020-11-09,E11223,
G201291,E10194,GL01,Standard User,RITM100359,2020-11-12,E10587,
G201292,E10654,LSP,Standard User,RITM101232,2020-11-12,E11223,2025-08-22
G201293,E10870,LSP,Power User,RITM101658,2020-11-13,E10664,
G201294,E10194,TMS,Standard User,RITM100358,2020-11-17,E10981,
G201295,E11019,GL01,Standard User,RITM101943,2020-11-17,E11082,
G201296,E11019,TMS,Power User,RITM101945,2020-11-17,E10542,
G201297,E11019,FCR,Read Only,RITM101944,2020-11-18,E10762,
G201298,E10939,GL01,Standard User,RITM101805,2020-11-19,E10587,
G201299,E10939,FCR,Read Only,RITM101806,2020-11-19,E10102,
G201300,E10993,GL01,Power User,RITM101897,2020-11-26,E10841,2025-08-29
G201301,E10993,LSP,Read Only,RITM101898,2020-11-30,E10542,
G201302,E10380,LSP,Standard User,RITM100693,2020-12-23,E10114,
G201303,E10209,GL01,Standard User,RITM100388,2020-12-28,E11136,
G201304,E10981,FCR,Power User,RITM101876,2020-12-31,E11082,
G201305,E10329,FCR,Power User,RITM100597,2021-01-01,E10867,
G201306,E10981,LSP,Standard User,RITM101875,2021-01-01,E10179,
G201307,E10854,LSP,Standard User,RITM101627,2021-01-04,E10581,
G201308,E10981,GL01,Read Only,RITM101877,2021-01-04,E11231,
G201309,E10643,LSP,Read Only,RITM101207,2021-01-06,E10122,
G201310,E10643,FCR,Standard User,RITM101208,2021-01-06,E10323,
G201311,E11116,LSP,Standard User,RITM102115,2021-01-07,E10017,
G201312,E10423,GL01,Standard User,RITM100776,2021-01-12,E10603,
G201313,E10423,LSP,Read Only,RITM100777,2021-01-13,E10664,
G201314,E10803,LSP,Read Only,RITM101528,2021-01-13,E10069,
G201315,E10226,FCR,Standard User,RITM100424,2021-01-14,E10197,
G201316,E10118,FCR,Standard User,RITM100215,2021-01-15,E10317,
G201317,E10226,TMS,Standard User,RITM100423,2021-01-15,E10114,
G201318,E10118,TMS,Standard User,RITM100214,2021-01-18,E10683,
G201319,E10635,LSP,Power User,RITM101189,2021-01-20,E10968,
G201320,E10635,FCR,Power User,RITM101190,2021-01-20,E10197,
G201321,E10527,GL01,Standard User,RITM100987,2021-01-27,E10059,
G201322,E10527,LSP,Standard User,RITM100986,2021-01-28,E10650,
G201323,E10157,LSP,Standard User,RITM100291,2021-02-01,E10197,
G201324,E11246,GL01,Power User,RITM102368,2021-02-04,E10981,
G201325,E10357,LSP,Power User,RITM100648,2021-02-15,E11003,
G201326,E10073,GL01,Standard User,RITM100123,2021-02-17,E10187,
G201327,E10073,TMS,Standard User,RITM100122,2021-02-18,E10831,
G201328,E10148,LSP,Standard User,RITM100271,2021-02-18,E10882,2025-07-21
G201329,E10148,GL01,Standard User,RITM100272,2021-02-18,E10059,2025-07-21
G201330,E10461,FCR,Administrator,RITM102507,2021-02-19,E10141,2025-07-29
G201331,E11119,LSP,Power User,RITM102120,2021-02-22,E10648,
G201332,E10088,LSP,Standard User,RITM100151,2021-02-25,E10059,2025-11-19
G201333,E11055,LSP,Read Only,RITM102006,2021-02-25,E10882,
G201334,E10088,GL01,Standard User,RITM100150,2021-03-01,E10380,2025-01-15
G201335,E11016,GL01,Power User,RITM101937,2021-03-08,E10371,
G201336,E10728,LSP,Standard User,RITM101378,2021-03-09,E10348,
G201337,E10728,FCR,Standard User,RITM101379,2021-03-09,E10069,
G201338,E11016,TMS,Standard User,RITM101938,2021-03-09,E10017,
G201339,E11012,GL01,Standard User,RITM101933,2021-03-10,E11032,
G201340,E10645,LSP,Power User,RITM101211,2021-03-12,E10179,2025-02-27
G201341,E10497,GL01,Standard User,RITM100936,2021-03-15,E10102,
G201342,E10645,GL01,Power User,RITM101212,2021-03-16,E10867,2025-02-27
G201343,E10037,GL01,Standard User,RITM100061,2021-03-17,E10044,2025-09-09
G201344,E10906,GL01,Standard User,RITM101735,2021-03-18,E10317,
G201345,E10906,TMS,Standard User,RITM101734,2021-03-19,E10304,2025-09-02
G201346,E10881,FCR,Power User,RITM101684,2021-03-22,E10449,
G201347,E10881,GL01,Power User,RITM101682,2021-03-24,E10449,
G201348,E10881,TMS,Standard User,RITM101683,2021-03-25,E10449,
G201349,E11235,GL01,Standard User,RITM102341,2021-03-25,E10644,2025-08-08
G201350,E11235,FCR,Standard User,RITM102340,2021-03-26,E10107,2025-08-06
G201351,E11235,LSP,Standard User,RITM102342,2021-03-26,E10581,2025-08-27
G201352,E10627,TMS,Standard User,RITM101178,2021-04-08,E10882,
G201353,E11197,GL01,Standard User,RITM102267,2021-04-12,E10934,2025-07-17
G201354,E10463,GL01,Standard User,RITM100861,2021-04-14,E10773,
G201355,E11197,TMS,Power User,RITM102268,2021-04-14,E10706,2025-07-17
G201356,E11197,LSP,Standard User,RITM102269,2021-04-14,E10221,2025-07-18
G201357,E10334,TMS,Administrator,RITM102464,2021-04-16,E10141,
G201358,E10463,LSP,Read Only,RITM100862,2021-04-16,E10762,
G201359,E10441,TMS,Standard User,RITM100813,2021-04-19,E10885,
G201360,E10441,LSP,Read Only,RITM100814,2021-04-19,E11111,
G201361,E10441,GL01,Standard User,RITM100815,2021-04-19,E10221,
G201362,E10053,GL01,Standard User,RITM100089,2021-04-20,E10017,
G201363,E10053,LSP,Standard User,RITM100090,2021-04-20,E10603,
G201364,E10242,GL01,Standard User,RITM100454,2021-04-20,E10034,
G201365,E10370,LSP,Standard User,RITM100675,2021-04-22,E10197,
G201366,E10242,LSP,Read Only,RITM100455,2021-04-23,E10059,
G201367,E10195,TMS,Read Only,RITM100361,2021-04-29,E10706,
G201368,E10195,FCR,Read Only,RITM100360,2021-05-04,E10791,
G201369,E11080,LSP,Power User,RITM102052,2021-05-06,E10542,
G201370,E11080,GL01,Standard User,RITM102053,2021-05-07,E11003,
G201371,E10600,TMS,Superuser,RITM102536,2021-05-12,E11086,
G201372,E10815,GL01,Read Only,RITM101554,2021-05-12,E11016,
G201373,E10815,TMS,Power User,RITM101555,2021-05-12,E10146,
G201374,E10581,LSP,Read Only,RITM101090,2021-05-14,E11003,
G201375,E10699,LSP,Read Only,RITM101328,2021-05-17,E10716,2025-06-25
G201376,E10180,TMS,Standard User,RITM100332,2021-05-18,E10542,
G201377,E10180,GL01,Standard User,RITM100333,2021-05-18,E10069,
G201378,E10011,LSP,Read Only,RITM100018,2021-05-19,E10885,
G201379,E10180,FCR,Standard User,RITM100334,2021-05-19,E10867,
G201380,E10025,LSP,Read Only,RITM100040,2021-05-28,E11069,
G201381,E10890,TMS,Standard User,RITM101702,2021-05-31,E11223,
G201382,E10890,GL01,Standard User,RITM101703,2021-06-01,E10146,2025-02-19
G201383,E10890,FCR,Standard User,RITM101701,2021-06-02,E10289,
G201384,E10112,LSP,Read Only,RITM100202,2021-06-04,E10542,
G201385,E10112,GL01,Standard User,RITM100201,2021-06-07,E10716,
G201386,E10206,LSP,Standard User,RITM100381,2021-06-07,E10100,
G201387,E11223,GL01,Standard User,RITM102313,2021-06-08,E11138,
G201388,E11180,GL01,Standard User,RITM102235,2021-06-10,E10841,
G201389,E11180,LSP,Standard User,RITM102236,2021-06-10,E10981,2025-08-12
G201390,E11060,LSP,Power User,RITM102014,2021-06-15,E10323,2025-01-31
G201391,E10258,FCR,Standard User,RITM100479,2021-06-22,E10706,
G201392,E10684,LSP,Standard User,RITM101297,2021-06-23,E10791,2025-10-22
G201393,E10532,LSP,Standard User,RITM100996,2021-07-01,E10752,
G201394,E10138,GL01,Read Only,RITM100251,2021-07-06,E10288,
G201395,E10537,TMS,Standard User,RITM101003,2021-07-08,E10934,
G201396,E10537,LSP,Power User,RITM101005,2021-07-08,E10059,
G201397,E10537,GL01,Power User,RITM101004,2021-07-09,E10682,
G201398,E10114,LSP,Standard User,RITM100208,2021-07-13,E10682,
G201399,E11107,LSP,Standard User,RITM102101,2021-07-16,E11003,
G201400,E10191,LSP,Standard User,RITM100351,2021-07-19,E10664,2025-08-06
G201401,E11107,TMS,Read Only,RITM102100,2021-07-19,E10882,
G201402,E10816,LSP,Power User,RITM101557,2021-07-20,E10706,
G201403,E10816,GL01,Standard User,RITM101558,2021-07-21,E11082,
G201404,E11050,LSP,Standard User,RITM101999,2021-08-02,E10587,
G201405,E10004,LSP,Standard User,RITM100006,2021-08-04,E10059,
G201406,E10051,TMS,Standard User,RITM100086,2021-08-04,E10083,
G201407,E10051,GL01,Read Only,RITM100085,2021-08-05,E10304,
G201408,E10051,FCR,Read Only,RITM100087,2021-08-09,E10587,
G201409,E10418,GL01,Standard User,RITM100765,2021-08-10,E10981,
G201410,E11077,FCR,Standard User,RITM102045,2021-08-10,E10100,
G201411,E10418,FCR,Standard User,RITM100766,2021-08-11,E10317,
G201412,E11243,TMS,Standard User,RITM102359,2021-08-11,E11016,
G201413,E11077,TMS,Standard User,RITM102046,2021-08-12,E10122,
G201414,E11243,FCR,Standard User,RITM102358,2021-08-12,E10966,2025-06-05
G201415,E10550,GL01,Standard User,RITM101031,2021-08-13,E10289,
G201416,E11077,GL01,Standard User,RITM102047,2021-08-13,E10764,
G201417,E10976,TMS,Database Administrator,RITM102637,2021-08-18,E10141,
G201418,E10266,GL01,Standard User,RITM100495,2021-08-20,E10648,
G201419,E10537,LSP,Superuser,RITM102522,2021-08-26,E10669,
G201420,E10727,FCR,Standard User,RITM101377,2021-08-31,E10706,
G201421,E11231,LSP,Standard User,RITM102332,2021-08-31,E10791,
G201422,E10727,TMS,Standard User,RITM101375,2021-09-02,E10288,2025-06-18
G201423,E10727,GL01,Standard User,RITM101376,2021-09-03,E10179,
G201424,E10210,LSP,Standard User,RITM100390,2021-09-07,E10745,
G201425,E10414,GL01,Standard User,RITM100758,2021-09-09,E10968,2025-06-20
G201426,E10414,FCR,Standard User,RITM100759,2021-09-10,E10146,
G201427,E11095,TMS,Standard User,RITM102076,2021-09-20,E10581,
G201428,E10141,GL01,Power User,RITM100256,2021-09-22,E10317,
G201429,E10141,LSP,Read Only,RITM100257,2021-09-23,E10348,
G201430,E10960,TMS,Standard User,RITM101844,2021-09-24,E10122,
G201431,E11250,GL01,Standard User,RITM102375,2021-09-24,E10304,2025-09-18
G201432,E11189,LSP,Standard User,RITM102254,2021-09-27,E11111,2025-01-28
G201433,E11250,FCR,Standard User,RITM102376,2021-09-27,E10664,2025-09-18
G201434,E11151,FCR,Standard User,RITM102179,2021-09-28,E10831,
G201435,E11250,TMS,Standard User,RITM102377,2021-09-28,E10317,2025-09-15
G201436,E10119,LSP,Standard User,RITM100216,2021-10-08,E10102,2025-02-28
G201437,E10902,FCR,Read Only,RITM101727,2021-10-13,E10791,
G201438,E10902,GL01,Read Only,RITM101728,2021-10-14,E10146,
G201439,E10902,LSP,Standard User,RITM101729,2021-10-14,E11111,2025-05-12
G201440,E10399,FCR,Standard User,RITM100726,2021-10-15,E10102,
G201441,E10399,TMS,Power User,RITM100727,2021-10-15,E10542,
G201442,E11058,TMS,Power User,RITM102009,2021-10-18,E10575,
G201443,E11058,GL01,Power User,RITM102010,2021-10-18,E10380,
G201444,E10205,LSP,Standard User,RITM100379,2021-10-19,E10650,
G201445,E10205,GL01,Power User,RITM100380,2021-10-19,E10323,
G201446,E10917,TMS,Read Only,RITM101761,2021-10-22,E10304,
G201447,E10917,GL01,Standard User,RITM101759,2021-10-26,E10357,
G201448,E10917,FCR,Standard User,RITM101760,2021-10-26,E10289,
G201449,E10702,LSP,Standard User,RITM101331,2021-11-01,E11003,2025-10-07
G201450,E10131,TMS,Standard User,RITM100240,2021-11-03,E10752,2025-09-11
G201451,E10572,LSP,Power User,RITM101073,2021-11-03,E10773,2025-11-12
G201452,E10572,GL01,Read Only,RITM101072,2021-11-04,E10745,2025-11-10
G201453,E10795,LSP,Administrator,RITM102592,2021-11-12,E11086,2025-04-10
G201454,E10848,GL01,Read Only,RITM101617,2021-11-18,E10791,
G201455,E10848,TMS,Read Only,RITM101618,2021-11-18,E10146,
G201456,E10246,LSP,Read Only,RITM100459,2021-11-22,E10587,
G201457,E10689,LSP,Power User,RITM101311,2021-11-22,E10179,
G201458,E11242,GL01,Standard User,RITM102356,2021-11-23,E10644,
G201459,E11159,LSP,Standard User,RITM102195,2021-11-25,E10587,2025-12-12
G201460,E11242,LSP,Standard User,RITM102357,2021-11-26,E10683,
G201461,E11159,GL01,Read Only,RITM102194,2021-11-29,E10773,
G201462,E10737,GL01,Standard User,RITM101396,2021-11-30,E10187,
G201463,E10737,TMS,Standard User,RITM101395,2021-12-01,E11138,2025-12-05
G201464,E10620,FCR,Standard User,RITM101167,2021-12-09,E10762,
G201465,E10073,TMS,Administrator,RITM102397,2021-12-10,E10765,
G201466,E10798,GL01,Power User,RITM101519,2021-12-13,E10981,
G201467,E10798,LSP,Standard User,RITM101520,2021-12-13,E11138,2025-04-08
G201468,E10880,GL01,Standard User,RITM101680,2021-12-16,E10187,
G201469,E10880,LSP,Standard User,RITM101681,2021-12-16,E10648,
G201470,E10899,TMS,Superuser,RITM102619,2021-12-20,E10765,
G201471,E11155,GL01,Standard User,RITM102185,2021-12-22,E10044,2025-12-03
G201472,E10995,LSP,Standard User,RITM101901,2021-12-29,E10197,
G201473,E10078,FCR,Power User,RITM100129,2021-12-30,E11032,2025-04-14
G201474,E10078,TMS,Read Only,RITM100130,2021-12-31,E10106,2025-04-15
G201475,E10464,FCR,Standard User,RITM100863,2022-01-04,E10882,
G201476,E10464,TMS,Read Only,RITM100864,2022-01-05,E10966,
G201477,E10136,LSP,Read Only,RITM100249,2022-01-06,E10683,
G201478,E10478,GL01,Standard User,RITM100895,2022-01-14,E10221,2025-08-04
G201479,E10750,GL01,Standard User,RITM101420,2022-01-17,E10966,
G201480,E10750,FCR,Read Only,RITM101422,2022-01-17,E10288,
G201481,E10750,LSP,Read Only,RITM101421,2022-01-19,E10885,2025-03-12
G201482,E10353,GL01,Standard User,RITM100640,2022-01-25,E10187,
G201483,E10353,LSP,Power User,RITM100641,2022-01-26,E10317,
G201484,E10606,TMS,Power User,RITM101140,2022-01-28,E10069,
G201485,E10568,LSP,Standard User,RITM101064,2022-02-01,E10044,
G201486,E10606,GL01,Read Only,RITM101141,2022-02-01,E10981,
G201487,E10606,FCR,Read Only,RITM101139,2022-02-02,E10187,
G201488,E10297,FCR,Standard User,RITM100548,2022-02-03,E11003,
G201489,E10655,FCR,Standard User,RITM101234,2022-02-07,E10664,
G201490,E10297,TMS,Power User,RITM100547,2022-02-08,E10968,
G201491,E10655,LSP,Standard User,RITM101233,2022-02-08,E10773,
G201492,E10084,GL01,Read Only,RITM100141,2022-02-09,E11043,
G201493,E10482,TMS,Read Only,RITM100904,2022-02-15,E11111,2025-10-24
G201494,E10482,GL01,Standard User,RITM100905,2022-02-15,E10885,2025-10-23
G201495,E10482,FCR,Standard User,RITM100903,2022-02-16,E10380,2025-10-27
G201496,E11211,GL01,Read Only,RITM102291,2022-02-16,E11082,
G201497,E10513,LSP,Standard User,RITM100962,2022-02-18,E11003,2025-12-09
G201498,E10344,LSP,Standard User,RITM100625,2022-02-22,E10114,
G201499,E10349,TMS,Standard User,RITM100632,2022-02-23,E10762,2025-11-14
G201500,E10513,GL01,Read Only,RITM100961,2022-02-23,E10107,2025-12-04
G201501,E10688,TMS,Administrator,RITM102571,2022-02-23,E10141,
G201502,E10863,LSP,Power User,RITM101644,2022-02-23,E10114,
G201503,E10381,GL01,Standard User,RITM100695,2022-02-24,E10221,
G201504,E10381,LSP,Read Only,RITM100696,2022-02-25,E11003,
G201505,E10863,GL01,Standard User,RITM101645,2022-02-25,E10745,
G201506,E10328,LSP,Standard User,RITM100596,2022-03-07,E11069,
G201507,E10800,FCR,Standard User,RITM101522,2022-03-11,E11043,
G201508,E10800,LSP,Standard User,RITM101524,2022-03-11,E10587,
G201509,E10193,GL01,Standard User,RITM100357,2022-03-14,E10745,
G201510,E10571,LSP,Standard User,RITM101071,2022-03-14,E10100,
G201511,E10800,TMS,Standard User,RITM101523,2022-03-14,E10968,
G201512,E10193,FCR,Standard User,RITM100355,2022-03-17,E10106,
G201513,E10193,LSP,Power User,RITM100356,2022-03-17,E10773,
G201514,E10905,LSP,Standard User,RITM101733,2022-03-28,E10146,
G201515,E11233,LSP,Power User,RITM102337,2022-04-05,E10841,2025-04-04
G201516,E10081,LSP,Standard User,RITM100134,2022-04-08,E10764,
G201517,E11183,LSP,Standard User,RITM102242,2022-04-14,E10017,
G201518,E11113,GL01,Standard User,RITM102109,2022-04-20,E10644,
G201519,E10368,LSP,Read Only,RITM100672,2022-04-26,E10882,2025-02-05
G201520,E10368,GL01,Standard User,RITM100673,2022-04-26,E11043,2025-02-05
G201521,E10367,LSP,Read Only,RITM100669,2022-04-28,E10107,
G201522,E11153,FCR,Standard User,RITM102182,2022-04-28,E10044,2025-03-03
G201523,E11244,GL01,Power User,RITM102362,2022-04-28,E10841,
G201524,E11244,LSP,Power User,RITM102363,2022-04-28,E10968,
G201525,E11244,FCR,Power User,RITM102361,2022-04-29,E10357,2025-02-26
G201526,E10367,GL01,Read Only,RITM100670,2022-05-02,E11111,
G201527,E10367,FCR,Power User,RITM100671,2022-05-02,E10034,
G201528,E11153,TMS,Standard User,RITM102181,2022-05-02,E10831,
G201529,E11215,LSP,Read Only,RITM102298,2022-05-02,E10682,2025-05-02
G201530,E11215,GL01,Read Only,RITM102299,2022-05-02,E10107,2025-05-06
G201531,E11215,TMS,Standard User,RITM102300,2022-05-04,E10357,2025-05-01
G201532,E10264,FCR,Standard User,RITM100491,2022-05-19,E10683,
G201533,E10264,TMS,Read Only,RITM100492,2022-05-20,E10200,
G201534,E10264,GL01,Standard User,RITM100493,2022-05-20,E10122,
G201535,E10577,TMS,Superuser,RITM102534,2022-05-30,E10324,2025-02-10
G201536,E11192,LSP,Power User,RITM102261,2022-05-31,E10885,
G201537,E10437,TMS,Read Only,RITM100808,2022-06-02,E11003,
G201538,E11194,GL01,Standard User,RITM102263,2022-06-07,E11136,2025-10-15
G201539,E11194,FCR,Read Only,RITM102264,2022-06-08,E10981,2025-10-13
G201540,E10992,GL01,Read Only,RITM101896,2022-06-09,E10587,
G201541,E10175,FCR,Read Only,RITM100321,2022-06-10,E10017,
G201542,E10944,GL01,Standard User,RITM101815,2022-06-10,E10187,
G201543,E10944,LSP,Standard User,RITM101814,2022-06-14,E10348,
G201544,E11106,TMS,Standard User,RITM102097,2022-06-14,E10059,
G201545,E11106,GL01,Read Only,RITM102099,2022-06-14,E10357,
G201546,E10175,GL01,Standard User,RITM100322,2022-06-15,E10289,
G201547,E10212,FCR,Standard User,RITM100394,2022-06-15,E10380,
G201548,E10212,TMS,Read Only,RITM100395,2022-06-15,E11069,
G201549,E11106,FCR,Standard User,RITM102098,2022-06-15,E11138,
G201550,E10212,GL01,Read Only,RITM100396,2022-06-16,E10581,
G201551,E10290,LSP,Standard User,RITM100535,2022-06-16,E10968,
G201552,E10282,GL01,Read Only,RITM100519,2022-06-17,E10317,
G201553,E10282,LSP,Read Only,RITM100518,2022-06-21,E10106,
G201554,E11074,TMS,Database Administrator,RITM102661,2022-06-23,E10669,
G201555,E10911,LSP,Standard User,RITM101745,2022-06-24,E10083,
G201556,E10468,FCR,Standard User,RITM100873,2022-07-01,E10449,
G201557,E11208,LSP,Standard User,RITM102286,2022-07-01,E10965,2025-01-14
G201558,E11208,GL01,Standard User,RITM102285,2022-07-06,E10841,
G201559,E10724,GL01,Standard User,RITM101366,2022-07-07,E10841,
G201560,E10866,TMS,Read Only,RITM101651,2022-07-08,E11231,
G201561,E10641,LSP,Standard User,RITM101202,2022-07-11,E11082,
G201562,E10724,TMS,Standard User,RITM101367,2022-07-11,E10200,
G201563,E10866,GL01,Read Only,RITM101650,2022-07-11,E10323,
G201564,E10866,FCR,Standard User,RITM101649,2022-07-12,E10966,
G201565,E10320,TMS,Standard User,RITM100585,2022-07-21,E10831,
G201566,E10320,FCR,Standard User,RITM100586,2022-07-26,E10664,
G201567,E10963,TMS,Read Only,RITM101848,2022-08-03,E10102,
G201568,E10452,GL01,Power User,RITM100839,2022-08-04,E10449,
G201569,E10472,TMS,Standard User,RITM100881,2022-08-04,E10764,
G201570,E10432,TMS,Read Only,RITM100798,2022-08-05,E10017,
G201571,E10452,TMS,Standard User,RITM100840,2022-08-05,E10603,
G201572,E10472,GL01,Standard User,RITM100882,2022-08-05,E10706,
G201573,E10472,FCR,Standard User,RITM100883,2022-08-08,E10380,2025-06-11
G201574,E10695,LSP,Power User,RITM101322,2022-08-08,E10664,
G201575,E10963,LSP,Power User,RITM101849,2022-08-08,E10716,
G201576,E10810,GL01,Standard User,RITM101541,2022-08-10,E10682,
G201577,E10810,FCR,Read Only,RITM101542,2022-08-10,E10682,
G201578,E10622,LSP,Power User,RITM101170,2022-08-11,E11111,
G201579,E10476,LSP,Standard User,RITM100890,2022-08-26,E11231,2025-12-11
G201580,E10476,GL01,Standard User,RITM100891,2022-08-31,E11231,2025-12-11
G201581,E10954,LSP,Standard User,RITM101835,2022-09-01,E10882,
G201582,E10116,GL01,Standard User,RITM100212,2022-09-05,E10288,
G201583,E10220,LSP,Standard User,RITM100415,2022-09-09,E10357,
G201584,E10499,LSP,Standard User,RITM100939,2022-09-13,E10762,
G201585,E11121,LSP,Standard User,RITM102123,2022-09-14,E10044,
G201586,E10322,GL01,Standard User,RITM100589,2022-09-20,E10841,2025-04-02
G201587,E10404,LSP,Standard User,RITM100739,2022-09-20,E10083,
G201588,E10404,GL01,Standard User,RITM100738,2022-09-23,E10288,
G201589,E10490,FCR,Standard User,RITM100922,2022-09-29,E10831,
G201590,E10490,GL01,Standard User,RITM100924,2022-09-29,E10069,
G201591,E10490,TMS,Standard User,RITM100923,2022-09-30,E10348,2025-09-23
G201592,E11056,LSP,Read Only,RITM102007,2022-09-30,E10102,
G201593,E10471,GL01,Standard User,RITM100880,2022-10-04,E10044,
G201594,E10167,LSP,Standard User,RITM100309,2022-10-11,E10831,
G201595,E11103,LSP,Administrator,RITM102670,2022-10-12,E10324,2025-07-10
G201596,E10536,LSP,Standard User,RITM101002,2022-10-18,E10762,
G201597,E10536,GL01,Read Only,RITM101001,2022-10-19,E10114,
G201598,E10626,TMS,Standard User,RITM101177,2022-10-19,E11223,
G201599,E10953,FCR,Standard User,RITM101832,2022-10-20,E10288,2025-08-14
G201600,E10953,TMS,Standard User,RITM101833,2022-10-21,E10179,2025-08-13
G201601,E11014,LSP,Standard User,RITM101935,2022-10-25,E10764,2025-03-28
G201602,E10824,FCR,Superuser,RITM102604,2022-11-08,E10765,
G201603,E10668,LSP,Read Only,RITM101263,2022-11-10,E10059,
G201604,E10630,FCR,Standard User,RITM101182,2022-11-15,E11231,
G201605,E10630,TMS,Standard User,RITM101181,2022-11-17,E10100,
G201606,E10401,GL01,Read Only,RITM100733,2022-11-21,E10603,
G201607,E10401,LSP,Read Only,RITM100732,2022-11-22,E10102,
G201608,E10596,LSP,Standard User,RITM101119,2022-11-25,E10981,
G201609,E10415,GL01,Standard User,RITM100761,2022-11-29,E10107,2025-09-16
G201610,E10448,LSP,Read Only,RITM100830,2022-11-29,E11231,
G201611,E10891,LSP,Power User,RITM101704,2022-12-13,E10542,
G201612,E10306,TMS,Power User,RITM100562,2022-12-14,E10197,
G201613,E10601,FCR,Standard User,RITM101127,2022-12-16,E10542,2025-09-23
G201614,E10601,TMS,Standard User,RITM101128,2022-12-16,E10187,2025-09-18
G201615,E10977,LSP,Standard User,RITM101871,2022-12-20,E10791,2025-04-15
G201616,E10389,LSP,Standard User,RITM100706,2022-12-21,E10317,
G201617,E11108,GL01,Standard User,RITM102102,2022-12-23,E10650,2025-06-06
G201618,E11108,TMS,Standard User,RITM102103,2022-12-23,E10059,2025-06-09
G201619,E10121,GL01,Read Only,RITM100219,2022-12-26,E10289,
G201620,E10121,LSP,Standard User,RITM100220,2022-12-29,E10044,
G201621,E11120,GL01,Power User,RITM102122,2022-12-30,E10357,
G201622,E10507,LSP,Standard User,RITM100953,2023-01-04,E10371,
G201623,E10394,GL01,Standard User,RITM100713,2023-01-09,E10752,
G201624,E10394,FCR,Read Only,RITM100714,2023-01-09,E11043,
G201625,E10394,TMS,Standard User,RITM100712,2023-01-10,E10371,
G201626,E10897,LSP,Power User,RITM101714,2023-01-17,E11136,
G201627,E10897,GL01,Read Only,RITM101715,2023-01-18,E11138,2025-09-12
G201628,E10379,GL01,Administrator,RITM102473,2023-01-19,E10324,
G201629,E10474,TMS,Standard User,RITM100888,2023-01-19,E10542,
G201630,E11071,LSP,Standard User,RITM102032,2023-01-19,E10197,
G201631,E10730,GL01,Standard User,RITM101382,2023-01-20,E10762,
G201632,E10036,GL01,Power User,RITM100060,2023-01-23,E10831,2025-07-14
G201633,E10913,FCR,Standard User,RITM101748,2023-01-23,E11032,
G201634,E10022,LSP,Standard User,RITM100036,2023-01-24,E10934,
G201635,E10913,GL01,Power User,RITM101749,2023-01-24,E10348,
G201636,E10009,TMS,Standard User,RITM100015,2023-01-25,E11069,
G201637,E10658,FCR,Read Only,RITM101239,2023-01-25,E11223,2025-05-29
G201638,E10658,TMS,Standard User,RITM101240,2023-01-25,E10706,2025-05-23
G201639,E10658,GL01,Standard User,RITM101241,2023-01-30,E10581,2025-05-29
G201640,E10794,LSP,Read Only,RITM101514,2023-02-14,E10791,
G201641,E10384,TMS,Administrator,RITM102477,2023-02-17,E11086,
G201642,E10553,TMS,Standard User,RITM101037,2023-03-06,E10648,
G201643,E10790,FCR,Standard User,RITM101507,2023-03-06,E10059,
G201644,E10790,LSP,Power User,RITM101506,2023-03-07,E10841,
G201645,E10520,GL01,Standard User,RITM100974,2023-03-08,E10083,2025-12-15
G201646,E10553,FCR,Standard User,RITM101036,2023-03-08,E10644,
G201647,E10553,GL01,Standard User,RITM101038,2023-03-08,E10122,
G201648,E10849,LSP,Power User,RITM101619,2023-03-10,E10246,
G201649,E11241,TMS,Read Only,RITM102354,2023-03-14,E10059,
G201650,E11241,FCR,Standard User,RITM102353,2023-03-16,E10102,
G201651,E11241,GL01,Read Only,RITM102355,2023-03-16,E10965,
G201652,E10235,TMS,Standard User,RITM100441,2023-03-27,E10762,
G201653,E10235,FCR,Standard User,RITM100442,2023-03-27,E10648,
G201654,E10235,GL01,Power User,RITM100443,2023-03-27,E10122,
G201655,E10503,LSP,Read Only,RITM100946,2023-03-28,E10323,
G201656,E10040,LSP,Read Only,RITM100066,2023-03-29,E10682,2025-03-18
G201657,E10503,GL01,Standard User,RITM100947,2023-03-29,E10648,
G201658,E10040,GL01,Read Only,RITM100067,2023-03-30,E10764,
G201659,E10040,FCR,Read Only,RITM100068,2023-03-31,E10791,
G201660,E11085,LSP,Power User,RITM102059,2023-04-03,E10059,
G201661,E10820,GL01,Power User,RITM101566,2023-04-05,E10122,
G201662,E10615,LSP,Read Only,RITM101156,2023-04-07,E10034,
G201663,E10820,FCR,Power User,RITM101565,2023-04-07,E11043,
G201664,E10820,TMS,Standard User,RITM101567,2023-04-07,E10083,
G201665,E10005,GL01,Read Only,RITM100007,2023-04-10,E10288,2025-03-14
G201666,E10383,LSP,Standard User,RITM100699,2023-04-17,E10146,
G201667,E11250,TMS,Database Administrator,RITM102706,2023-04-20,E11086,2025-09-12
G201668,E10787,LSP,Read Only,RITM101500,2023-04-26,E10752,2025-12-10
G201669,E11170,TMS,Standard User,RITM102213,2023-04-26,E10841,
G201670,E10026,LSP,Standard User,RITM100041,2023-04-27,E10187,
G201671,E11170,LSP,Read Only,RITM102214,2023-04-27,E10706,
G201672,E11170,GL01,Standard User,RITM102215,2023-04-28,E10575,
G201673,E10307,FCR,Standard User,RITM100563,2023-05-03,E11016,
G201674,E10563,FCR,Read Only,RITM101055,2023-05-05,E10745,2025-02-19
G201675,E10563,GL01,Power User,RITM101054,2023-05-08,E10122,2025-02-24
G201676,E10655,TMS,Superuser,RITM102566,2023-05-12,E10765,
G201677,E10660,GL01,Standard User,RITM101247,2023-05-16,E10317,2025-12-01
G201678,E10660,TMS,Read Only,RITM101246,2023-05-17,E10304,
G201679,E10660,FCR,Power User,RITM101248,2023-05-19,E10867,
G201680,E10314,GL01,Standard User,RITM100575,2023-05-24,E11082,2025-02-27
G201681,E10887,LSP,Standard User,RITM101697,2023-05-24,E11223,
G201682,E10314,LSP,Read Only,RITM100574,2023-05-26,E10745,2025-02-21
G201683,E10887,GL01,Read Only,RITM101698,2023-05-26,E10965,
G201684,E10488,GL01,Read Only,RITM100917,2023-06-01,E11111,
G201685,E10488,LSP,Read Only,RITM100918,2023-06-01,E11016,
G201686,E11125,LSP,Standard User,RITM102127,2023-06-01,E10934,
G201687,E10313,GL01,Standard User,RITM100573,2023-06-16,E10841,
G201688,E10678,LSP,Power User,RITM101284,2023-06-16,E10100,
G201689,E10766,GL01,Standard User,RITM101455,2023-06-21,E11138,
G201690,E10766,FCR,Read Only,RITM101454,2023-06-22,E10107,
G201691,E10345,GL01,Read Only,RITM100627,2023-06-26,E10200,
G201692,E10345,FCR,Standard User,RITM100626,2023-06-27,E10246,
G201693,E10042,GL01,Read Only,RITM100072,2023-07-06,E10102,
G201694,E10042,LSP,Standard User,RITM100073,2023-07-06,E10288,
G201695,E10694,LSP,Power User,RITM101320,2023-07-07,E10682,2025-06-10
G201696,E11218,GL01,Standard User,RITM102304,2023-07-13,E10107,
G201697,E10074,TMS,Standard User,RITM100124,2023-07-20,E10981,
G201698,E10419,FCR,Standard User,RITM100769,2023-07-21,E10882,
G201699,E10237,LSP,Read Only,RITM100445,2023-07-25,E10773,
G201700,E10355,FCR,Superuser,RITM102471,2023-07-25,E10141,
G201701,E10419,GL01,Standard User,RITM100768,2023-07-25,E10706,
G201702,E11051,LSP,Read Only,RITM102001,2023-07-26,E10867,
G201703,E10770,LSP,Read Only,RITM101461,2023-07-28,E10114,2025-09-22
G201704,E10516,TMS,Read Only,RITM100966,2023-08-04,E10773,
G201705,E10041,TMS,Standard User,RITM100069,2023-08-10,E10323,
G201706,E10241,GL01,Read Only,RITM100453,2023-08-11,E10044,
G201707,E10041,GL01,Read Only,RITM100070,2023-08-14,E10100,
G201708,E10241,TMS,Read Only,RITM100451,2023-08-14,E10831,2025-10-13
G201709,E10241,FCR,Power User,RITM100452,2023-08-15,E10683,
G201710,E10072,GL01,Standard User,RITM100121,2023-08-22,E11082,
G201711,E10229,TMS,Standard User,RITM100429,2023-08-31,E10357,
G201712,E10229,GL01,Read Only,RITM100430,2023-08-31,E10867,
G201713,E10229,FCR,Standard User,RITM100431,2023-08-31,E11111,
G201714,E10208,GL01,Standard User,RITM100387,2023-09-04,E10773,
G201715,E10113,GL01,Standard User,RITM100204,2023-09-05,E10357,
G201716,E10113,TMS,Read Only,RITM100206,2023-09-05,E10934,
G201717,E10208,FCR,Standard User,RITM100386,2023-09-05,E10289,
G201718,E10833,LSP,Standard User,RITM101593,2023-09-05,E11043,
G201719,E10115,FCR,Standard User,RITM100209,2023-09-07,E10380,
G201720,E10115,LSP,Read Only,RITM100210,2023-09-07,E10246,
G201721,E10208,TMS,Read Only,RITM100385,2023-09-07,E10968,2025-05-12
G201722,E10113,FCR,Standard User,RITM100205,2023-09-08,E10683,
G201723,E10302,FCR,Administrator,RITM102456,2023-09-14,E10141,
G201724,E10957,FCR,Standard User,RITM101839,2023-09-18,E10106,2025-08-08
G201725,E10701,LSP,Read Only,RITM101330,2023-09-25,E10034,
G201726,E11092,GL01,Read Only,RITM102072,2023-09-25,E10146,
G201727,E11154,LSP,Standard User,RITM102183,2023-10-02,E10317,
G201728,E10862,GL01,Standard User,RITM101642,2023-10-04,E10348,
G201729,E10862,TMS,Standard User,RITM101641,2023-10-06,E10017,
G201730,E10016,GL01,Power User,RITM100028,2023-10-16,E10357,
G201731,E10016,LSP,Standard User,RITM100027,2023-10-17,E10044,2025-11-12
G201732,E10564,TMS,Standard User,RITM101056,2023-10-17,E10106,2025-09-24
G201733,E10543,GL01,Standard User,RITM101017,2023-10-18,E10323,
G201734,E10340,GL01,Standard User,RITM100620,2023-10-19,E10764,
G201735,E10340,LSP,Read Only,RITM100621,2023-10-20,E10965,
G201736,E10543,TMS,Read Only,RITM101016,2023-10-23,E10542,2025-10-27
G201737,E10483,LSP,Read Only,RITM100906,2023-10-25,E10246,
G201738,E10108,GL01,Standard User,RITM100192,2023-10-26,E10380,
G201739,E10108,LSP,Standard User,RITM100193,2023-10-27,E10371,
G201740,E10215,LSP,Standard User,RITM100400,2023-10-27,E10100,
G201741,E10215,GL01,Read Only,RITM100401,2023-10-30,E10644,
G201742,E10857,LSP,Standard User,RITM101633,2023-10-31,E10745,
G201743,E10215,FCR,Standard User,RITM100399,2023-11-01,E10289,
G201744,E10517,GL01,Power User,RITM100967,2023-11-07,E10114,2025-06-25
G201745,E10517,FCR,Power User,RITM100969,2023-11-08,E11003,2025-06-26
G201746,E10517,LSP,Standard User,RITM100968,2023-11-09,E10289,2025-06-26
G201747,E11184,LSP,Standard User,RITM102243,2023-11-09,E10773,
G201748,E10647,FCR,Standard User,RITM101215,2023-11-13,E10357,
G201749,E10647,TMS,Standard User,RITM101217,2023-11-15,E10100,
G201750,E10647,GL01,Read Only,RITM101216,2023-11-16,E10575,
G201751,E10633,LSP,Read Only,RITM101186,2023-11-29,E10682,2025-01-31
G201752,E10747,LSP,Read Only,RITM101417,2023-12-04,E10603,
G201753,E10120,TMS,Read Only,RITM100217,2023-12-14,E10745,
G201754,E10896,GL01,Standard User,RITM101711,2023-12-14,E10059,
G201755,E10896,TMS,Standard User,RITM101712,2023-12-14,E10542,
G201756,E10789,TMS,Power User,RITM101504,2023-12-19,E10357,
G201757,E10713,GL01,Standard User,RITM101348,2023-12-21,E11231,
G201758,E10713,TMS,Read Only,RITM101349,2023-12-21,E10102,
G201759,E10789,GL01,Standard User,RITM101505,2023-12-21,E10650,
G201760,E10807,FCR,Standard User,RITM101537,2023-12-22,E10762,2025-12-12
G201761,E10468,FCR,Database Administrator,RITM102509,2023-12-25,E10141,
G201762,E10807,GL01,Standard User,RITM101536,2023-12-25,E10304,2025-12-11
G201763,E10125,LSP,Standard User,RITM100228,2024-01-02,E10885,
G201764,E10821,FCR,Standard User,RITM101568,2024-01-02,E10650,
G201765,E10756,FCR,Read Only,RITM101434,2024-01-04,E10683,2025-04-03
G201766,E11067,LSP,Standard User,RITM102026,2024-01-05,E10745,
G201767,E10756,TMS,Standard User,RITM101436,2024-01-08,E10102,2025-04-03
G201768,E10756,GL01,Read Only,RITM101435,2024-01-09,E11223,2025-04-04
G201769,E10810,TMS,Administrator,RITM102601,2024-01-15,E10765,
G201770,E10578,GL01,Read Only,RITM101086,2024-01-22,E10171,
G201771,E10967,LSP,Standard User,RITM101855,2024-01-22,E10146,
G201772,E10578,LSP,Standard User,RITM101085,2024-01-23,E11111,
G201773,E10591,LSP,Standard User,RITM101107,2024-01-29,E10059,
G201774,E10269,GL01,Standard User,RITM100499,2024-02-08,E10187,
G201775,E10943,GL01,Standard User,RITM101812,2024-02-14,E10179,2025-10-06
G201776,E10063,TMS,Standard User,RITM100105,2024-02-15,E10017,2025-03-25
G201777,E10063,GL01,Standard User,RITM100106,2024-02-15,E11003,2025-03-21
G201778,E10457,TMS,Administrator,RITM102504,2024-02-15,E11086,
G201779,E10530,LSP,Standard User,RITM100991,2024-02-15,E10122,
G201780,E10530,GL01,Read Only,RITM100992,2024-02-15,E10246,2025-08-20
G201781,E10943,LSP,Standard User,RITM101813,2024-02-19,E10371,2025-10-02
G201782,E10675,GL01,Standard User,RITM101277,2024-02-26,E11082,
G201783,E11053,LSP,Standard User,RITM102004,2024-02-26,E10603,
G201784,E10134,TMS,Standard User,RITM100247,2024-02-27,E10968,
G201785,E10675,FCR,Read Only,RITM101278,2024-02-27,E10179,
G201786,E10846,LSP,Standard User,RITM101612,2024-02-27,E11069,
G201787,E10649,LSP,Standard User,RITM101220,2024-02-28,E10371,
G201788,E10675,TMS,Standard User,RITM101276,2024-02-28,E10100,
G201789,E10134,GL01,Power User,RITM100246,2024-02-29,E10102,
G201790,E10582,FCR,Power User,RITM101091,2024-03-01,E10246,
G201791,E10582,GL01,Read Only,RITM101093,2024-03-05,E10179,
G201792,E10582,TMS,Standard User,RITM101092,2024-03-06,E11231,
G201793,E10590,FCR,Standard User,RITM101104,2024-03-06,E10122,
G201794,E10590,LSP,Standard User,RITM101105,2024-03-06,E10197,
G201795,E10590,GL01,Standard User,RITM101106,2024-03-06,E10966,
G201796,E10066,LSP,Standard User,RITM100112,2024-03-07,E11069,2025-08-07
G201797,E10838,FCR,Read Only,RITM101602,2024-03-08,E10246,
G201798,E11110,LSP,Power User,RITM102106,2024-03-08,E10122,2025-02-25
G201799,E10390,LSP,Read Only,RITM100707,2024-03-15,E10762,
G201800,E10390,GL01,Standard User,RITM100708,2024-03-19,E10650,
G201801,E10656,TMS,Standard User,RITM101236,2024-04-03,E10059,2025-07-08
G201802,E11196,LSP,Read Only,RITM102266,2024-04-03,E11032,
G201803,E10979,LSP,Standard User,RITM101873,2024-04-05,E10114,2025-11-04
G201804,E11215,TMS,Superuser,RITM102698,2024-04-05,E10324,2025-05-02
G201805,E10819,LSP,Power User,RITM101564,2024-04-16,E10059,
G201806,E10918,GL01,Standard User,RITM101763,2024-04-19,E10179,
G201807,E10006,LSP,Standard User,RITM100008,2024-04-22,E10965,
G201808,E10918,LSP,Standard User,RITM101764,2024-04-22,E10831,
G201809,E11105,LSP,Standard User,RITM102096,2024-04-22,E10575,
G201810,E11148,FCR,Read Only,RITM102173,2024-04-22,E10575,
G201811,E11220,LSP,Standard User,RITM102307,2024-04-22,E11043,
G201812,E10670,LSP,Standard User,RITM101266,2024-04-23,E10106,2025-01-09
G201813,E10918,FCR,Standard User,RITM101762,2024-04-23,E10934,
G201814,E11148,TMS,Standard User,RITM102174,2024-04-23,E10179,
G201815,E11226,LSP,Standard User,RITM102320,2024-04-23,E10449,
G201816,E10092,LSP,Standard User,RITM100162,2024-04-29,E10179,2025-03-24
G201817,E10082,GL01,Power User,RITM100136,2024-04-30,E10146,
G201818,E10624,GL01,Superuser,RITM102545,2024-04-30,E10669,2025-03-13
G201819,E10092,GL01,Standard User,RITM100160,2024-05-01,E10882,
G201820,E10092,TMS,Standard User,RITM100161,2024-05-01,E10968,
G201821,E10065,FCR,Read Only,RITM100109,2024-05-03,E10664,2025-10-01
G201822,E10065,TMS,Standard User,RITM100110,2024-05-03,E10644,2025-09-26
G201823,E10374,GL01,Standard User,RITM100682,2024-05-09,E10371,
G201824,E10630,FCR,Database Administrator,RITM102555,2024-05-09,E10765,
G201825,E10529,LSP,Standard User,RITM100990,2024-05-10,E10371,
G201826,E10374,TMS,Standard User,RITM100683,2024-05-13,E10380,
G201827,E10693,LSP,Standard User,RITM101319,2024-05-15,E10575,2025-02-12
G201828,E11177,FCR,Standard User,RITM102229,2024-05-15,E10380,
G201829,E11177,LSP,Read Only,RITM102230,2024-05-16,E10682,
G201830,E10234,LSP,Standard User,RITM100440,2024-05-17,E10841,
G201831,E11177,GL01,Standard User,RITM102231,2024-05-17,E10357,
G201832,E10693,GL01,Standard User,RITM101318,2024-05-20,E10773,
G201833,E10604,TMS,Standard User,RITM101133,2024-05-21,E10587,
G201834,E10604,FCR,Read Only,RITM101134,2024-05-22,E10197,
G201835,E10003,LSP,Read Only,RITM100004,2024-05-23,E10542,
G201836,E11169,FCR,Standard User,RITM102212,2024-05-23,E10965,
G201837,E10638,FCR,Standard User,RITM101196,2024-05-29,E10171,
G201838,E10638,GL01,Read Only,RITM101194,2024-05-30,E10317,2025-09-02
G201839,E10638,LSP,Power User,RITM101195,2024-05-30,E11016,
G201840,E10878,TMS,Read Only,RITM101677,2024-06-03,E10106,
G201841,E10985,LSP,Standard User,RITM101882,2024-06-05,E10581,
G201842,E10951,GL01,Standard User,RITM101829,2024-06-06,E10882,
G201843,E10022,LSP,Superuser,RITM102383,2024-06-07,E11086,
G201844,E10417,GL01,Standard User,RITM100764,2024-06-10,E10288,
G201845,E10061,GL01,Standard User,RITM100103,2024-06-12,E10357,
G201846,E11117,TMS,Standard User,RITM102116,2024-06-14,E10664,2025-04-14
G201847,E10092,LSP,Database Administrator,RITM102399,2024-06-18,E10141,
G201848,E10386,LSP,Standard User,RITM100703,2024-06-19,E10106,
G201849,E10617,LSP,Standard User,RITM101160,2024-06-19,E10106,2025-05-21
G201850,E10439,LSP,Power User,RITM100810,2024-06-20,E10885,
G201851,E10850,LSP,Standard User,RITM101621,2024-06-20,E11082,
G201852,E10850,GL01,Standard User,RITM101622,2024-06-20,E10304,
G201853,E11044,TMS,Standard User,RITM101989,2024-06-21,E10716,
G201854,E11044,GL01,Read Only,RITM101988,2024-06-24,E10348,
G201855,E11044,LSP,Standard User,RITM101987,2024-06-25,E10882,
G201856,E11152,LSP,Standard User,RITM102180,2024-06-25,E10146,2025-11-20
G201857,E11180,LSP,Administrator,RITM102683,2024-07-01,E10669,
G201858,E10005,FCR,Administrator,RITM102378,2024-07-03,E10324,2025-03-18
G201859,E10225,FCR,Standard User,RITM100421,2024-07-09,E10323,
G201860,E10330,TMS,Standard User,RITM100599,2024-07-09,E11138,2025-12-26
G201861,E10225,LSP,Standard User,RITM100422,2024-07-10,E10885,
G201862,E10330,FCR,Standard User,RITM100598,2024-07-11,E10682,2025-12-23
G201863,E10094,LSP,Read Only,RITM100166,2024-07-15,E10752,2025-04-28
G201864,E10595,TMS,Power User,RITM101118,2024-07-16,E10934,
G201865,E10094,GL01,Read Only,RITM100165,2024-07-17,E10059,2025-04-30
G201866,E11228,GL01,Standard User,RITM102324,2024-07-17,E10764,
G201867,E10595,FCR,Standard User,RITM101116,2024-07-19,E10171,
G201868,E10595,GL01,Standard User,RITM101117,2024-07-19,E10644,
G201869,E11228,FCR,Standard User,RITM102325,2024-07-19,E11043,
G201870,E10456,LSP,Standard User,RITM100847,2024-07-23,E11032,2025-11-18
G201871,E10813,GL01,Read Only,RITM101549,2024-07-30,E10034,
G201872,E10123,LSP,Power User,RITM100224,2024-07-31,E10683,
G201873,E10307,LSP,Database Administrator,RITM102458,2024-08-01,E10669,
G201874,E10775,GL01,Read Only,RITM101473,2024-08-01,E10706,
G201875,E10813,LSP,Standard User,RITM101550,2024-08-01,E10187,
G201876,E11036,GL01,Standard User,RITM101975,2024-08-07,E10100,2025-10-31
G201877,E10829,TMS,Standard User,RITM101586,2024-08-12,E10449,
G201878,E10609,GL01,Standard User,RITM101144,2024-08-21,E10357,
G201879,E10609,TMS,Standard User,RITM101145,2024-08-26,E10034,
G201880,E10623,LSP,Standard User,RITM101171,2024-08-28,E10221,
G201881,E10270,TMS,Administrator,RITM102442,2024-08-30,E10765,
G201882,E11005,LSP,Read Only,RITM101920,2024-09-04,E11043,
G201883,E10002,TMS,Standard User,RITM100003,2024-09-05,E10289,
G201884,E10311,GL01,Standard User,RITM100569,2024-09-05,E10981,2025-10-06
G201885,E10311,FCR,Standard User,RITM100570,2024-09-05,E10197,2025-10-07
G201886,E10002,FCR,Power User,RITM100002,2024-09-06,E10146,
G201887,E11005,GL01,Standard User,RITM101921,2024-09-06,E10083,
G201888,E11039,GL01,Database Administrator,RITM102657,2024-09-09,E10669,
G201889,E10128,LSP,Power User,RITM100235,2024-09-10,E10069,
G201890,E10128,GL01,Standard User,RITM100236,2024-09-11,E10882,2025-02-28
G201891,E10359,GL01,Standard User,RITM100653,2024-09-12,E10664,
G201892,E10986,GL01,Power User,RITM101883,2024-09-12,E11016,
G201893,E10853,GL01,Read Only,RITM101626,2024-09-13,E10122,
G201894,E10169,LSP,Standard User,RITM100312,2024-09-16,E10867,
G201895,E10663,FCR,Administrator,RITM102567,2024-09-16,E10765,
G201896,E10853,TMS,Read Only,RITM101625,2024-09-16,E10716,
G201897,E11133,GL01,Database Administrator,RITM102676,2024-09-24,E10669,
G201898,E10438,GL01,Standard User,RITM100809,2024-09-26,E10171,2025-02-03
G201899,E10959,GL01,Read Only,RITM101842,2024-10-04,E10200,
G201900,E10959,TMS,Read Only,RITM101843,2024-10-07,E11043,
G201901,E11022,LSP,Read Only,RITM101951,2024-10-15,E11138,
G201902,E10299,LSP,Standard User,RITM100550,2024-10-17,E10017,
G201903,E11061,LSP,Standard User,RITM102015,2024-10-17,E10323,
G201904,E11064,LSP,Standard User,RITM102018,2024-10-18,E10083,
G201905,E11064,GL01,Standard User,RITM102019,2024-10-18,E10650,
G201906,E11064,FCR,Read Only,RITM102020,2024-10-18,E10221,
G201907,E10260,GL01,Read Only,RITM100484,2024-10-21,E10831,2025-02-07
G201908,E10260,TMS,Power User,RITM100483,2024-10-23,E10965,2025-02-06
G201909,E10260,FCR,Standard User,RITM100485,2024-10-23,E10542,2025-02-05
G201910,E10405,LSP,Read Only,RITM100741,2024-10-29,E11016,
G201911,E10612,LSP,Read Only,RITM101151,2024-10-29,E11111,
G201912,E10744,LSP,Read Only,RITM101413,2024-11-07,E10745,
G201913,E10890,LSP,Administrator,RITM102615,2024-11-11,E10141,
G201914,E10248,LSP,Standard User,RITM100463,2024-11-20,E11016,
G201915,E10469,TMS,Power User,RITM100875,2024-11-25,E10146,
G201916,E10469,FCR,Standard User,RITM100876,2024-11-28,E10644,
G201917,E10469,LSP,Standard User,RITM100877,2024-11-28,E11043,
G201918,E10738,FCR,Read Only,RITM101398,2024-11-29,E10867,
G201919,E10738,TMS,Standard User,RITM101397,2024-12-04,E11231,
G201920,E10900,LSP,Standard User,RITM101722,2024-12-04,E10664,
G201921,E10894,LSP,Read Only,RITM101708,2024-12-05,E10575,
G201922,E10900,GL01,Standard User,RITM101723,2024-12-05,E10323,
G201923,E10580,LSP,Standard User,RITM101089,2024-12-10,E10122,
G201924,E11224,GL01,Standard User,RITM102315,2024-12-11,E10831,
G201925,E11224,LSP,Read Only,RITM102314,2024-12-13,E10934,
G201926,E10206,LSP,Power User,RITM100382,2025-01-02,,
G201927,E10815,GL01,Standard User,RITM101556,2025-01-02,E10648,
G201928,E10824,LSP,Database Administrator,RITM102607,2025-01-02,E10765,
G201929,E10915,LSP,Standard User,RITM101755,2025-01-02,E10371,
G201930,E11040,TMS,Standard User,RITM101982,2025-01-02,E10791,2025-08-18
G201931,E11187,GL01,Administrator,RITM102688,2025-01-02,E10765,2025-01-03
G201932,E10013,TMS,Superuser,RITM102380,2025-01-03,E10324,2025-01-07
G201933,E10561,GL01,Superuser,RITM102526,2025-01-03,E10765,2025-01-06
G201934,E10725,TMS,Power User,RITM101371,2025-01-03,E10179,
G201935,E10929,LSP,Read Only,RITM101787,2025-01-03,E11136,
G201936,E10989,GL01,Read Only,RITM101890,2025-01-03,E10966,
G201937,E10909,LSP,Read Only,RITM101742,2025-01-06,E10968,
G201938,E11157,LSP,Read Only,RITM102190,2025-01-06,,2025-02-28
G201939,E11165,LSP,Power User,RITM102206,2025-01-06,E10107,2025-02-10
G201940,E10563,LSP,Database Administrator,RITM102528,2025-01-07,E10765,2025-02-21
G201941,E10710,LSP,Power User,RITM101345,2025-01-07,E10449,
G201942,E10103,LSP,Standard User,RITM100183,2025-01-08,E10317,
G201943,E10310,FCR,Power User,RITM100566,2025-01-08,,
G201944,E10314,LSP,Power User,RITM100576,2025-01-08,E10034,2025-02-25
G201945,E10508,FCR,Standard User,RITM100955,2025-01-08,E11082,
G201946,E11023,LSP,Power User,RITM101953,2025-01-08,E11138,2025-02-19
G201947,E10023,TMS,Database Administrator,RITM102385,2025-01-09,E10765,2025-01-13
G201948,E10065,GL01,Read Only,RITM100111,2025-01-09,E10683,2025-09-25
G201949,E10199,FCR,Power User,RITM100370,2025-01-09,E10773,
G201950,E10219,TMS,Power User,RITM100414,2025-01-09,E10603,
G201951,E10310,TMS,Standard User,RITM100568,2025-01-09,E10289,
G201952,E10371,LSP,Standard User,RITM100677,2025-01-09,E10200,
G201953,E10563,GL01,Superuser,RITM102530,2025-01-09,E11086,2025-01-13
G201954,E11074,GL01,Administrator,RITM102662,2025-01-09,E11086,2025-01-10
G201955,E11215,GL01,Superuser,RITM102700,2025-01-09,E10765,2025-01-13
G201956,E10103,GL01,Standard User,RITM100184,2025-01-10,E10745,
G201957,E10180,LSP,Database Administrator,RITM102419,2025-01-10,E10324,
G201958,E10334,TMS,Database Administrator,RITM102467,2025-01-10,E10765,
G201959,E10478,FCR,Standard User,RITM100896,2025-01-10,E10100,2025-08-01
G201960,E10808,FCR,Read Only,RITM101539,2025-01-10,E11231,2025-03-17
G201961,E11224,LSP,Power User,RITM102316,2025-01-10,E10706,
G201962,E10310,GL01,Standard User,RITM100567,2025-01-13,E10791,2025-10-07
G201963,E10334,GL01,Administrator,RITM102466,2025-01-13,E10324,
G201964,E10337,FCR,Database Administrator,RITM102469,2025-01-13,E10324,2025-01-14
G201965,E10406,LSP,Administrator,RITM102481,2025-01-13,E11086,2025-01-14
G201966,E10890,GL01,Administrator,RITM102618,2025-01-13,E10765,
G201967,E10962,LSP,Standard User,RITM101847,2025-01-13,E10371,2025-02-10
G201968,E11035,TMS,Standard User,RITM101974,2025-01-13,,
G201969,E10176,TMS,Standard User,RITM100326,2025-01-14,E11138,
G201970,E10279,TMS,Superuser,RITM102446,2025-01-14,E10669,2025-01-22
G201971,E10040,TMS,Administrator,RITM102391,2025-01-15,E10324,2025-01-22
G201972,E10135,LSP,Database Administrator,RITM102415,2025-01-15,E10765,2025-01-21
G201973,E10140,GL01,Standard User,RITM100255,2025-01-15,E10542,
G201974,E10583,LSP,Power User,RITM101095,2025-01-15,E10831,
G201975,E10757,LSP,Superuser,RITM102584,2025-01-15,E10324,2025-01-17
G201976,E10919,LSP,Read Only,RITM101766,2025-01-15,E10575,
G201977,E10140,TMS,Standard User,RITM100254,2025-01-16,E10357,
G201978,E10173,FCR,Standard User,RITM100317,2025-01-16,E10934,
G201979,E10828,FCR,Administrator,RITM102608,2025-01-16,E10765,2025-01-22
G201980,E11219,LSP,Administrator,RITM102702,2025-01-16,E10324,2025-06-13
G201981,E11228,TMS,Power User,RITM102326,2025-01-16,E10867,
G201982,E10537,TMS,Standard User,RITM101006,2025-01-17,E10752,
G201983,E11170,FCR,Superuser,RITM102679,2025-01-17,E10324,
G201984,E11245,TMS,Read Only,RITM102365,2025-01-17,E10304,
G201985,E11245,FCR,Read Only,RITM102366,2025-01-17,E10762,
G201986,E10049,LSP,Database Administrator,RITM102394,2025-01-21,E10324,2025-01-22
G201987,E10910,LSP,Read Only,RITM101744,2025-01-21,E10044,
G201988,E10984,LSP,Administrator,RITM102641,2025-01-21,E11086,
G201989,E11245,GL01,Standard User,RITM102364,2025-01-21,E10288,
G201990,E10266,GL01,Administrator,RITM102441,2025-01-22,E10141,2025-01-27
G201991,E10942,LSP,Read Only,RITM101811,2025-01-22,E10762,
G201992,E11062,GL01,Standard User,RITM102016,2025-01-23,E10934,
G201993,E11206,GL01,Administrator,RITM102694,2025-01-23,E10669,2025-01-24
G201994,E10969,LSP,Read Only,RITM101859,2025-01-24,E10587,
G201995,E11000,FCR,Read Only,RITM101910,2025-01-24,E10966,
G201996,E10056,GL01,Standard User,RITM100095,2025-01-27,E10221,2025-02-24
G201997,E10331,LSP,Database Administrator,RITM102462,2025-01-27,E10765,2025-01-28
G201998,E10468,LSP,Superuser,RITM102511,2025-01-27,E10324,2025-01-30
G201999,E10577,LSP,Power User,RITM101084,2025-01-27,E10200,2025-02-07
G202000,E10771,GL01,Standard User,RITM101464,2025-01-27,E10179,
G202001,E10914,LSP,Read Only,RITM101753,2025-01-27,E10221,
G202002,E10951,FCR,Superuser,RITM102631,2025-01-27,E10669,
G202003,E10063,TMS,Power User,RITM100107,2025-01-28,E10716,2025-03-25
G202004,E10415,TMS,Read Only,RITM100762,2025-01-28,E10069,
G202005,E11000,GL01,Standard User,RITM101911,2025-01-28,E10357,
G202006,E11000,TMS,Read Only,RITM101912,2025-01-28,E10317,
G202007,E11201,TMS,Standard User,RITM102275,2025-01-28,E10044,
G202008,E10538,FCR,Read Only,RITM101010,2025-01-29,E10122,2025-10-08
G202009,E10624,TMS,Standard User,RITM101174,2025-01-29,E10017,2025-03-11
G202010,E10624,LSP,Superuser,RITM102548,2025-01-29,E10765,2025-01-30
G202011,E10109,FCR,Power User,RITM100197,2025-01-30,E10288,2025-05-21
G202012,E10364,GL01,Read Only,RITM100665,2025-01-30,,
G202013,E10457,GL01,Database Administrator,RITM102505,2025-01-30,E10669,
G202014,E11033,GL01,Read Only,RITM101970,2025-01-30,E10885,
G202015,E10013,FCR,Administrator,RITM102382,2025-01-31,E10141,2025-04-08
G202016,E10544,FCR,Power User,RITM101022,2025-01-31,E10083,2025-02-21
G202017,E10901,GL01,Standard User,RITM101726,2025-01-31,E10197,
G202018,E11052,LSP,Standard User,RITM102003,2025-01-31,E10146,
G202019,E10047,LSP,Read Only,RITM100080,2025-02-03,E10107,
G202020,E10279,LSP,Administrator,RITM102447,2025-02-03,E11086,2025-08-28
G202021,E10379,GL01,Administrator,RITM102474,2025-02-03,E10324,2025-02-06
G202022,E10466,LSP,Standard User,RITM100869,2025-02-03,E10179,
G202023,E10620,LSP,Database Administrator,RITM102541,2025-02-03,E10765,
G202024,E10817,FCR,Standard User,RITM101562,2025-02-03,E11138,
G202025,E11089,LSP,Standard User,RITM102068,2025-02-03,,
G202026,E11089,GL01,Read Only,RITM102069,2025-02-03,E10197,
G202027,E10049,TMS,Database Administrator,RITM102395,2025-02-04,E10669,2025-02-07
G202028,E10563,TMS,Administrator,RITM102529,2025-02-04,E10141,2025-02-11
G202029,E11017,GL01,Power User,RITM101939,2025-02-04,E10102,2025-05-13
G202030,E11017,TMS,Read Only,RITM101940,2025-02-04,E10764,
G202031,E10126,FCR,Standard User,RITM100232,2025-02-05,E10716,
G202032,E10445,TMS,Standard User,RITM100824,2025-02-05,E10745,
G202033,E10445,FCR,Power User,RITM100826,2025-02-05,E10107,
G202034,E11199,FCR,Database Administrator,RITM102692,2025-02-05,E10141,
G202035,E11247,GL01,Administrator,RITM102705,2025-02-05,E11086,2025-02-12
G202036,E10013,FCR,Administrator,RITM102381,2025-02-06,E10324,2025-02-13
G202037,E10563,FCR,Administrator,RITM102527,2025-02-06,E10324,2025-02-20
G202038,E11033,LSP,Superuser,RITM102649,2025-02-06,E10765,2025-02-11
G202039,E11197,FCR,Administrator,RITM102691,2025-02-06,E10765,2025-02-07
G202040,E10624,LSP,Superuser,RITM102547,2025-02-07,E11086,2025-03-12
G202041,E10665,FCR,Power User,RITM101258,2025-02-07,E11032,
G202042,E10740,FCR,Read Only,RITM101402,2025-02-07,E10664,2025-06-18
G202043,E10976,LSP,Database Administrator,RITM102638,2025-02-07,E10324,
G202044,E11075,LSP,Superuser,RITM102665,2025-02-07,E10669,
G202045,E10029,FCR,Standard User,RITM100045,2025-02-10,E10100,
G202046,E10029,LSP,Standard User,RITM100046,2025-02-10,E11231,
G202047,E10094,GL01,Power User,RITM100167,2025-02-10,E10146,2025-04-29
G202048,E10445,GL01,Standard User,RITM100825,2025-02-10,E10762,
G202049,E10740,GL01,Read Only,RITM101403,2025-02-10,E10122,2025-06-16
G202050,E10638,GL01,Standard User,RITM101197,2025-02-11,E10069,2025-10-20
G202051,E10665,TMS,Power User,RITM101257,2025-02-11,E11069,
G202052,E10714,FCR,Database Administrator,RITM102575,2025-02-11,E10141,
G202053,E10790,LSP,Read Only,RITM101508,2025-02-11,E10371,
G202054,E10935,TMS,Read Only,RITM101798,2025-02-11,E11136,
G202055,E10029,GL01,Standard User,RITM100047,2025-02-12,E11069,
G202056,E10740,LSP,Standard User,RITM101404,2025-02-12,E10246,2025-06-23
G202057,E10906,GL01,Database Administrator,RITM102623,2025-02-12,E10324,
G202058,E11247,LSP,Power User,RITM102370,2025-02-13,E10171,2025-03-21
G202059,E10624,TMS,Administrator,RITM102546,2025-02-14,E10669,2025-02-20
G202060,E10958,FCR,Database Administrator,RITM102634,2025-02-14,E10141,2025-04-02
G202061,E10972,LSP,Read Only,RITM101865,2025-02-14,E10317,
G202062,E10115,LSP,Superuser,RITM102406,2025-02-18,E10669,2025-02-21
G202063,E10461,GL01,Administrator,RITM102508,2025-02-18,E10765,2025-02-25
G202064,E10886,LSP,Standard User,RITM101696,2025-02-18,E11138,
G202065,E10049,LSP,Administrator,RITM102396,2025-02-20,E10324,
G202066,E10082,LSP,Power User,RITM100137,2025-02-20,E10317,
G202067,E10346,GL01,Standard User,RITM100629,2025-02-20,E10100,
G202068,E10592,LSP,Standard User,RITM101108,2025-02-20,E11223,2025-07-29
G202069,E10873,GL01,Power User,RITM101666,2025-02-20,E10575,
G202070,E10592,FCR,Standard User,RITM101110,2025-02-21,E10831,2025-07-30
G202071,E10632,LSP,Administrator,RITM102558,2025-02-21,E10669,
G202072,E10658,TMS,Read Only,RITM101242,2025-02-21,E11223,2025-05-28
G202073,E10800,FCR,Database Administrator,RITM102593,2025-02-21,E10765,
G202074,E10856,LSP,Standard User,RITM101632,2025-02-21,E10034,2025-03-06
G202075,E10868,LSP,Power User,RITM101653,2025-02-21,E10587,
G202076,E10898,GL01,Power User,RITM101718,2025-02-21,E10102,
G202077,E11115,FCR,Administrator,RITM102671,2025-02-21,E11086,
G202078,E10284,TMS,Administrator,RITM102450,2025-02-24,E11086,
G202079,E10490,GL01,Power User,RITM100925,2025-02-24,E10745,
G202080,E10592,GL01,Standard User,RITM101109,2025-02-24,,2025-07-29
G202081,E10739,FCR,Standard User,RITM101401,2025-02-24,E11111,2025-10-31
G202082,E10750,LSP,Read Only,RITM101423,2025-02-24,E10171,
G202083,E10890,TMS,Database Administrator,RITM102617,2025-02-24,E10765,
G202084,E10426,GL01,Administrator,RITM102492,2025-02-25,E10141,2025-10-31
G202085,E10652,GL01,Read Only,RITM101227,2025-02-25,E10187,
G202086,E11219,TMS,Database Administrator,RITM102703,2025-02-25,E10324,2025-03-04
G202087,E10720,LSP,Standard User,RITM101361,2025-02-26,E11069,
G202088,E10958,GL01,Administrator,RITM102633,2025-02-26,E11086,2025-02-28
G202089,E11217,LSP,Read Only,RITM102303,2025-02-26,E10542,2025-09-26
G202090,E10287,GL01,Power User,RITM100531,2025-02-27,E10791,
G202091,E10958,FCR,Standard User,RITM101841,2025-02-27,E11082,2025-04-01
G202092,E10958,TMS,Administrator,RITM102635,2025-02-27,E10765,2025-03-04
G202093,E11206,LSP,Administrator,RITM102693,2025-02-27,E10765,2025-03-04
G202094,E11035,LSP,Administrator,RITM102653,2025-02-28,E10669,
G202095,E11212,GL01,Standard User,RITM102292,2025-02-28,E10965,
G202096,E10717,LSP,Read Only,RITM101357,2025-03-03,E10348,
G202097,E10948,GL01,Standard User,RITM101823,2025-03-03,E10981,
G202098,E10144,GL01,Read Only,RITM100263,2025-03-04,E11069,
G202099,E10322,GL01,Power User,RITM100590,2025-03-04,E10773,2025-03-27
G202100,E10561,FCR,Administrator,RITM102525,2025-03-04,E10765,2025-03-06
G202101,E11212,LSP,Read Only,RITM102293,2025-03-04,E10100,
G202102,E10144,FCR,Read Only,RITM100262,2025-03-05,E11136,
G202103,E10885,LSP,Standard User,RITM101694,2025-03-05,E11016,
G202104,E10048,GL01,Power User,RITM100082,2025-03-06,E10100,
G202105,E11020,LSP,Read Only,RITM101948,2025-03-06,E10146,
G202106,E11187,FCR,Read Only,RITM102249,2025-03-06,E10357,
G202107,E10144,LSP,Standard User,RITM100261,2025-03-07,E10317,
G202108,E10190,LSP,Standard User,RITM100349,2025-03-07,E10867,
G202109,E10450,LSP,Read Only,RITM100836,2025-03-07,E10882,
G202110,E11014,LSP,Superuser,RITM102647,2025-03-07,E10669,2025-03-13
G202111,E11122,GL01,Read Only,RITM102124,2025-03-07,E10587,2025-05-13
G202112,E10190,GL01,Power User,RITM100350,2025-03-10,E10044,
G202113,E10712,TMS,Standard User,RITM101347,2025-03-10,E10348,
G202114,E10912,FCR,Standard User,RITM101747,2025-03-10,E10716,
G202115,E11036,LSP,Superuser,RITM102655,2025-03-10,E10324,2025-03-11
G202116,E11094,LSP,Administrator,RITM102668,2025-03-11,E11086,2025-03-17
G202117,E11155,LSP,Power User,RITM102186,2025-03-11,E11231,2025-12-04
G202118,E10352,FCR,Read Only,RITM100639,2025-03-12,E10017,2025-07-07
G202119,E10802,FCR,Administrator,RITM102596,2025-03-12,E10669,
G202120,E11215,TMS,Administrator,RITM102701,2025-03-12,E10324,2025-03-18
G202121,E10046,FCR,Standard User,RITM100079,2025-03-13,,
G202122,E10270,GL01,Administrator,RITM102443,2025-03-13,E10765,
G202123,E10291,LSP,Superuser,RITM102455,2025-03-13,E10324,
G202124,E10774,LSP,Database Administrator,RITM102588,2025-03-13,E11086,
G202125,E11173,TMS,Read Only,RITM102219,2025-03-13,E10100,
G202126,E11188,TMS,Standard User,RITM102253,2025-03-13,E10069,
G202127,E10411,LSP,Administrator,RITM102487,2025-03-14,E10141,2025-03-19
G202128,E10585,GL01,Standard User,RITM101097,2025-03-14,E11082,
G202129,E10777,LSP,Read Only,RITM101479,2025-03-14,,
G202130,E10430,FCR,Standard User,RITM100794,2025-03-17,E10114,
G202131,E10630,TMS,Administrator,RITM102556,2025-03-17,E10324,
G202132,E11173,FCR,Standard User,RITM102220,2025-03-17,E10648,
G202133,E11215,GL01,Administrator,RITM102699,2025-03-17,E10141,2025-03-21
G202134,E10291,FCR,Database Administrator,RITM102454,2025-03-18,E10669,
G202135,E10430,GL01,Standard User,RITM100795,2025-03-18,E10882,
G202136,E10735,LSP,Database Administrator,RITM102580,2025-03-18,E10765,
G202137,E10774,GL01,Administrator,RITM102589,2025-03-18,E11086,
G202138,E10802,TMS,Database Administrator,RITM102595,2025-03-18,E10669,
G202139,E11006,LSP,Administrator,RITM102644,2025-03-18,E10141,
G202140,E10174,LSP,Database Administrator,RITM102416,2025-03-19,E10141,2025-03-20
G202141,E10430,LSP,Standard User,RITM100793,2025-03-19,E11138,
G202142,E10211,LSP,Database Administrator,RITM102422,2025-03-20,E10669,
G202143,E11014,TMS,Superuser,RITM102646,2025-03-20,E10765,
G202144,E11199,GL01,Standard User,RITM102273,2025-03-20,E11043,
G202145,E10499,LSP,Power User,RITM100940,2025-03-21,E11111,
G202146,E11008,LSP,Power User,RITM101928,2025-03-21,E10357,
G202147,E10639,LSP,Superuser,RITM102562,2025-03-24,E10669,2025-03-28
G202148,E11094,LSP,Administrator,RITM102667,2025-03-24,E11086,2025-03-28
G202149,E10752,LSP,Power User,RITM101429,2025-03-25,E11016,
G202150,E10964,LSP,Standard User,RITM101851,2025-03-25,E10648,
G202151,E11029,LSP,Standard User,RITM101964,2025-03-25,E11069,
G202152,E10045,LSP,Read Only,RITM100078,2025-03-26,E10934,2025-05-27
G202153,E10308,LSP,Standard User,RITM100564,2025-03-26,E10885,
G202154,E10426,TMS,Administrator,RITM102493,2025-03-26,E10669,2025-03-28
G202155,E10468,FCR,Administrator,RITM102510,2025-03-26,E10324,
G202156,E10927,LSP,Database Administrator,RITM102627,2025-03-26,E10765,2025-04-01
G202157,E10253,FCR,Administrator,RITM102435,2025-03-27,E11086,2025-04-02
G202158,E10646,LSP,Read Only,RITM101214,2025-03-27,E10371,2025-06-03
G202159,E10218,GL01,Read Only,RITM100411,2025-03-28,E10107,2025-12-15
G202160,E10639,FCR,Database Administrator,RITM102561,2025-03-28,E10324,2025-07-15
G202161,E10395,LSP,Standard User,RITM100715,2025-03-31,E10664,
G202162,E10600,TMS,Administrator,RITM102537,2025-03-31,E10324,2025-04-04
G202163,E10035,LSP,Administrator,RITM102387,2025-04-02,E11086,2025-04-09
G202164,E10751,GL01,Standard User,RITM101427,2025-04-02,E10034,
G202165,E11013,LSP,Read Only,RITM101934,2025-04-02,E10059,2025-06-13
G202166,E10376,LSP,Superuser,RITM102472,2025-04-03,E11086,
G202167,E11137,LSP,Standard User,RITM102150,2025-04-03,E11043,2025-09-16
G202168,E11175,GL01,Read Only,RITM102227,2025-04-03,E11032,2025-07-21
G202169,E10650,GL01,Standard User,RITM101223,2025-04-04,,
G202170,E10676,FCR,Administrator,RITM102570,2025-04-04,E11086,2025-06-17
G202171,E10774,FCR,Superuser,RITM102591,2025-04-04,E10141,2025-04-08
G202172,E10859,GL01,Standard User,RITM101636,2025-04-07,E10965,2025-10-17
G202173,E10211,TMS,Administrator,RITM102424,2025-04-08,E10765,
G202174,E10227,LSP,Power User,RITM100426,2025-04-08,,
G202175,E10654,TMS,Administrator,RITM102564,2025-04-08,E10765,2025-04-10
G202176,E10859,LSP,Standard User,RITM101635,2025-04-08,E10965,2025-10-22
G202177,E10216,GL01,Read Only,RITM100405,2025-04-09,E11223,
G202178,E10307,FCR,Database Administrator,RITM102459,2025-04-09,E10141,
G202179,E10635,GL01,Power User,RITM101191,2025-04-09,E10034,
G202180,E11236,FCR,Power User,RITM102344,2025-04-09,E10179,2025-08-22
G202181,E11243,FCR,Read Only,RITM102360,2025-04-09,E11111,2025-07-15
G202182,E10599,GL01,Standard User,RITM101123,2025-04-10,E10221,2025-06-06
G202183,E10642,LSP,Standard User,RITM101206,2025-04-10,E11136,2025-07-30
G202184,E11180,FCR,Superuser,RITM102684,2025-04-11,E10141,2025-04-21
G202185,E10379,TMS,Database Administrator,RITM102476,2025-04-14,E11086,
G202186,E11197,LSP,Administrator,RITM102689,2025-04-14,E11086,2025-04-17
G202187,E10621,LSP,Standard User,RITM101168,2025-04-15,E10044,
G202188,E11234,LSP,Standard User,RITM102338,2025-04-15,E10773,
G202189,E11234,GL01,Standard User,RITM102339,2025-04-15,E10107,
G202190,E10592,TMS,Read Only,RITM101111,2025-04-16,E10114,2025-07-30
G202191,E10112,LSP,Read Only,RITM100203,2025-04-17,E10648,
G202192,E10126,FCR,Database Administrator,RITM102408,2025-04-17,E10324,
G202193,E10621,GL01,Standard User,RITM101169,2025-04-17,E10083,
G202194,E10784,LSP,Read Only,RITM101495,2025-04-17,E10682,
G202195,E10811,TMS,Standard User,RITM101544,2025-04-17,E10882,
G202196,E10896,GL01,Power User,RITM101713,2025-04-17,E10542,
G202197,E10444,FCR,Read Only,RITM100823,2025-04-21,E10934,
G202198,E10492,LSP,Standard User,RITM100927,2025-04-21,E10882,
G202199,E10609,TMS,Read Only,RITM101146,2025-04-21,E10069,
G202200,E10029,FCR,Read Only,RITM100048,2025-04-22,E10934,2025-10-15
G202201,E10035,FCR,Administrator,RITM102390,2025-04-22,E11086,2025-04-24
G202202,E10764,LSP,Power User,RITM101450,2025-04-22,E10831,
G202203,E11168,LSP,Administrator,RITM102678,2025-04-22,E10669,2025-04-28
G202204,E10411,LSP,Superuser,RITM102485,2025-04-23,E10669,2025-04-29
G202205,E10984,TMS,Superuser,RITM102642,2025-04-23,E10669,2025-04-24
G202206,E10378,FCR,Standard User,RITM100690,2025-04-24,E10288,
G202207,E10574,LSP,Power User,RITM101076,2025-04-24,E10762,
G202208,E10698,LSP,Standard User,RITM101327,2025-04-25,E10575,
G202209,E10280,GL01,Standard User,RITM100516,2025-04-28,E10371,
G202210,E10687,GL01,Power User,RITM101307,2025-04-28,E10083,2025-06-13
G202211,E10976,LSP,Database Administrator,RITM102640,2025-04-28,E10669,
G202212,E10380,LSP,Power User,RITM100694,2025-04-29,E10114,2025-10-24
G202213,E10426,LSP,Administrator,RITM102495,2025-04-29,E10141,2025-05-05
G202214,E10545,FCR,Standard User,RITM101023,2025-04-29,E10581,
G202215,E10688,GL01,Superuser,RITM102572,2025-04-29,E10669,
G202216,E10070,LSP,Standard User,RITM100118,2025-04-30,E10981,
G202217,E11014,GL01,Administrator,RITM102645,2025-04-30,E10765,2025-05-02
G202218,E10714,LSP,Read Only,RITM101352,2025-05-02,E10323,
G202219,E10095,LSP,Superuser,RITM102402,2025-05-05,E10669,2025-05-06
G202220,E10946,GL01,Power User,RITM101818,2025-05-05,E11231,
G202221,E10184,LSP,Standard User,RITM100340,2025-05-06,E10069,2025-11-12
G202222,E11024,LSP,Power User,RITM101956,2025-05-06,E11138,
G202223,E10800,LSP,Database Administrator,RITM102594,2025-05-07,E11086,2025-05-08
G202224,E10372,GL01,Standard User,RITM100680,2025-05-08,E10017,
G202225,E10427,LSP,Standard User,RITM100784,2025-05-08,E10317,
G202226,E10427,GL01,Standard User,RITM100785,2025-05-08,E11003,
G202227,E10566,GL01,Administrator,RITM102531,2025-05-08,E10141,2025-05-15
G202228,E10753,TMS,Administrator,RITM102582,2025-05-08,E10141,2025-05-14
G202229,E10912,LSP,Database Administrator,RITM102624,2025-05-08,E10765,
G202230,E11001,LSP,Power User,RITM101914,2025-05-08,E10034,
G202231,E10427,TMS,Power User,RITM100786,2025-05-09,E10965,
G202232,E10743,FCR,Read Only,RITM101412,2025-05-09,E10187,2025-12-09
G202233,E11059,LSP,Standard User,RITM102013,2025-05-09,E10107,
G202234,E10202,GL01,Read Only,RITM100374,2025-05-12,E10348,
G202235,E10406,FCR,Superuser,RITM102482,2025-05-12,E10324,2025-05-19
G202236,E10426,FCR,Superuser,RITM102494,2025-05-12,E10669,2025-05-16
G202237,E10441,LSP,Superuser,RITM102497,2025-05-12,E10324,2025-05-13
G202238,E10734,LSP,Read Only,RITM101390,2025-05-12,E10114,
G202239,E11170,LSP,Database Administrator,RITM102680,2025-05-12,E10669,2025-05-16
G202240,E11230,TMS,Read Only,RITM102331,2025-05-12,E10587,
G202241,E10524,FCR,Superuser,RITM102519,2025-05-13,E11086,2025-10-16
G202242,E10600,TMS,Database Administrator,RITM102539,2025-05-13,E10141,2025-05-14
G202243,E10952,TMS,Standard User,RITM101831,2025-05-13,E10682,
G202244,E11156,LSP,Standard User,RITM102188,2025-05-13,E11032,
G202245,E11197,TMS,Administrator,RITM102690,2025-05-14,E10141,2025-05-16
G202246,E10224,TMS,Administrator,RITM102432,2025-05-15,E10669,2025-07-28
G202247,E10040,GL01,Superuser,RITM102393,2025-05-16,E10765,2025-05-19
G202248,E10400,GL01,Standard User,RITM100731,2025-05-16,E10885,
G202249,E10546,TMS,Standard User,RITM101025,2025-05-16,E10069,
G202250,E10735,LSP,Database Administrator,RITM102579,2025-05-16,E11086,
G202251,E10154,GL01,Power User,RITM100285,2025-05-19,E10304,
G202252,E10192,GL01,Power User,RITM100354,2025-05-19,E10449,
G202253,E10546,GL01,Read Only,RITM101024,2025-05-19,E11003,2025-09-10
G202254,E10628,LSP,Power User,RITM101179,2025-05-19,E11032,
G202255,E10953,GL01,Read Only,RITM101834,2025-05-19,E10716,2025-08-13
G202256,E10277,LSP,Power User,RITM100510,2025-05-20,E10762,
G202257,E11019,GL01,Power User,RITM101946,2025-05-20,E10885,
G202258,E11027,LSP,Standard User,RITM101959,2025-05-20,E10966,
G202259,E10453,GL01,Database Administrator,RITM102501,2025-05-21,E11086,2025-12-26
G202260,E10604,GL01,Standard User,RITM101135,2025-05-21,,
G202261,E10836,GL01,Read Only,RITM101599,2025-05-21,E11032,2025-09-17
G202262,E10836,LSP,Standard User,RITM101600,2025-05-21,E10752,2025-09-12
G202263,E10868,GL01,Read Only,RITM101654,2025-05-21,E10069,
G202264,E10041,GL01,Standard User,RITM100071,2025-05-22,E10965,
G202265,E10132,GL01,Database Administrator,RITM102412,2025-05-22,E10765,
G202266,E10397,GL01,Power User,RITM100722,2025-05-22,E10246,
G202267,E11003,LSP,Read Only,RITM101917,2025-05-23,E11032,2025-07-10
G202268,E11074,GL01,Read Only,RITM102039,2025-05-23,E10380,
G202269,E10485,GL01,Standard User,RITM100910,2025-05-27,E10882,
G202270,E10249,GL01,Power User,RITM100465,2025-05-28,E10650,
G202271,E10410,LSP,Administrator,RITM102483,2025-05-28,E10669,
G202272,E10738,FCR,Read Only,RITM101399,2025-05-28,E10831,
G202273,E10872,GL01,Standard User,RITM101662,2025-05-28,E10575,2025-07-18
G202274,E10197,LSP,Power User,RITM100365,2025-05-29,E10044,
G202275,E10668,LSP,Power User,RITM101264,2025-05-29,E10146,
G202276,E10686,FCR,Read Only,RITM101303,2025-05-29,E11069,
G202277,E10714,GL01,Superuser,RITM102576,2025-05-29,E10141,
G202278,E11074,FCR,Database Administrator,RITM102664,2025-05-29,E10141,
G202279,E10281,LSP,Read Only,RITM100517,2025-05-30,E11032,
G202280,E10487,GL01,Standard User,RITM100916,2025-05-30,E10357,
G202281,E10513,TMS,Superuser,RITM102516,2025-05-30,E10765,2025-12-09
G202282,E10032,GL01,Power User,RITM100051,2025-06-02,E10745,
G202283,E10032,TMS,Standard User,RITM100052,2025-06-02,E10882,
G202284,E10512,GL01,Read Only,RITM100960,2025-06-02,E10966,
G202285,E10654,FCR,Superuser,RITM102563,2025-06-02,E10141,2025-06-06
G202286,E10810,LSP,Administrator,RITM102603,2025-06-02,E10669,2025-06-09
G202287,E11133,GL01,Database Administrator,RITM102677,2025-06-02,E11086,
G202288,E11035,LSP,Administrator,RITM102652,2025-06-03,E10324,
G202289,E11036,TMS,Superuser,RITM102656,2025-06-03,E10765,2025-06-09
G202290,E11115,TMS,Superuser,RITM102674,2025-06-03,E10141,
G202291,E10106,FCR,Standard User,RITM100190,2025-06-04,E11003,
G202292,E10418,LSP,Standard User,RITM100767,2025-06-04,E10644,
G202293,E10453,TMS,Superuser,RITM102503,2025-06-04,E11086,2025-06-06
G202294,E10644,LSP,Standard User,RITM101210,2025-06-04,E10289,
G202295,E10654,GL01,Administrator,RITM102565,2025-06-04,E10141,2025-06-06
G202296,E11182,GL01,Standard User,RITM102241,2025-06-05,E10171,
G202297,E10113,TMS,Power User,RITM100207,2025-06-09,E11082,
G202298,E10279,FCR,Administrator,RITM102449,2025-06-09,E11086,2025-08-28
G202299,E10807,TMS,Superuser,RITM102597,2025-06-09,E11086,2025-12-17
G202300,E10824,GL01,Administrator,RITM102606,2025-06-09,E10141,
G202301,E10501,LSP,Standard User,RITM100943,2025-06-10,E10682,
G202302,E10148,LSP,Read Only,RITM100273,2025-06-11,E10581,2025-07-22
G202303,E10411,TMS,Superuser,RITM102484,2025-06-11,E11086,
G202304,E10689,LSP,Standard User,RITM101312,2025-06-11,E10773,
G202305,E10899,FCR,Administrator,RITM102621,2025-06-11,E10324,
G202306,E10180,FCR,Administrator,RITM102417,2025-06-12,E10669,2025-06-17
G202307,E10211,FCR,Administrator,RITM102421,2025-06-12,E10669,2025-06-17
G202308,E10307,GL01,Administrator,RITM102460,2025-06-12,E10669,2025-06-16
G202309,E10875,GL01,Standard User,RITM101672,2025-06-12,E10867,
G202310,E11206,TMS,Superuser,RITM102696,2025-06-12,E10669,
G202311,E10165,LSP,Standard User,RITM100306,2025-06-13,E10650,
G202312,E11002,GL01,Standard User,RITM101915,2025-06-13,E10034,
G202313,E11028,TMS,Read Only,RITM101962,2025-06-13,E10981,
G202314,E11076,FCR,Standard User,RITM102044,2025-06-13,E10575,
G202315,E10334,TMS,Database Administrator,RITM102465,2025-06-16,E10324,
G202316,E10569,GL01,Read Only,RITM101068,2025-06-16,E10648,
G202317,E10594,LSP,Standard User,RITM101115,2025-06-16,E10371,
G202318,E10180,GL01,Superuser,RITM102420,2025-06-17,E10141,2025-06-25
G202319,E10224,GL01,Database Administrator,RITM102433,2025-06-17,E10141,2025-06-20
G202320,E10555,FCR,Standard User,RITM101040,2025-06-17,E10682,
G202321,E10780,TMS,Power User,RITM101487,2025-06-17,E10179,2025-09-19
G202322,E10899,GL01,Superuser,RITM102620,2025-06-17,E10324,
G202323,E11036,GL01,Database Administrator,RITM102654,2025-06-17,E10669,2025-10-27
G202324,E10125,LSP,Standard User,RITM100229,2025-06-18,E11111,
G202325,E10435,LSP,Standard User,RITM100804,2025-06-18,E10102,2025-12-11
G202326,E10524,TMS,Database Administrator,RITM102521,2025-06-18,E10141,2025-10-15
G202327,E10555,GL01,Read Only,RITM101041,2025-06-18,E11138,
G202328,E10688,LSP,Superuser,RITM102573,2025-06-18,E10669,
G202329,E10173,GL01,Standard User,RITM100318,2025-06-20,,
G202330,E10279,FCR,Superuser,RITM102448,2025-06-23,E11086,2025-06-24
G202331,E10592,FCR,Administrator,RITM102535,2025-06-23,E11086,2025-06-25
G202332,E10807,LSP,Superuser,RITM102600,2025-06-23,E10141,2025-06-26
G202333,E10869,LSP,Standard User,RITM101656,2025-06-23,E10246,
G202334,E11079,FCR,Power User,RITM102051,2025-06-23,E10968,2025-10-22
G202335,E10859,LSP,Read Only,RITM101637,2025-06-24,,2025-10-16
G202336,E10869,TMS,Standard User,RITM101655,2025-06-24,E10542,
G202337,E10869,FCR,Standard User,RITM101657,2025-06-24,E10965,
G202338,E10927,LSP,Administrator,RITM102628,2025-06-24,E10765,
G202339,E11187,TMS,Administrator,RITM102686,2025-06-24,E10324,2025-06-25
G202340,E10132,FCR,Superuser,RITM102413,2025-06-25,E10669,2025-06-30
G202341,E10011,LSP,Standard User,RITM100019,2025-06-26,E10934,
G202342,E10095,FCR,Administrator,RITM102403,2025-06-26,E10765,2025-07-03
G202343,E10357,LSP,Read Only,RITM100649,2025-06-26,E10841,
G202344,E10480,FCR,Power User,RITM100898,2025-06-27,E10575,
G202345,E10566,FCR,Read Only,RITM101061,2025-06-27,,
G202346,E10759,LSP,Power User,RITM101441,2025-06-27,E10122,2025-11-18
G202347,E10774,LSP,Superuser,RITM102590,2025-06-27,E11086,
G202348,E10120,TMS,Database Administrator,RITM102407,2025-06-30,E10324,
G202349,E10510,FCR,Power User,RITM100958,2025-06-30,E10348,
G202350,E10537,FCR,Database Administrator,RITM102523,2025-06-30,E10324,
G202351,E10451,FCR,Standard User,RITM100837,2025-07-01,E10179,
G202352,E10480,TMS,Standard User,RITM100899,2025-07-01,E10179,
G202353,E10441,FCR,Administrator,RITM102498,2025-07-02,E10765,
G202354,E10492,LSP,Power User,RITM100928,2025-07-02,E10059,
G202355,E10519,GL01,Standard User,RITM100973,2025-07-02,E10773,
G202356,E11095,TMS,Power User,RITM102077,2025-07-02,E10102,
G202357,E11098,FCR,Power User,RITM102082,2025-07-02,E10017,
G202358,E10446,FCR,Superuser,RITM102499,2025-07-03,E11086,
G202359,E10715,LSP,Read Only,RITM101354,2025-07-03,E10966,
G202360,E10003,LSP,Standard User,RITM100005,2025-07-07,E10102,
G202361,E11149,LSP,Read Only,RITM102176,2025-07-07,E11003,2025-09-19
G202362,E11098,GL01,Standard User,RITM102081,2025-07-08,E10773,
G202363,E10774,LSP,Read Only,RITM101472,2025-07-09,E10603,
G202364,E10991,TMS,Read Only,RITM101895,2025-07-09,E10106,
G202365,E11049,LSP,Read Only,RITM101998,2025-07-09,E10289,2025-10-28
G202366,E10012,GL01,Standard User,RITM100021,2025-07-10,E10966,
G202367,E10156,LSP,Standard User,RITM100290,2025-07-10,E10246,
G202368,E10216,GL01,Administrator,RITM102426,2025-07-10,E11086,
G202369,E10776,LSP,Standard User,RITM101476,2025-07-10,E10648,2025-09-18
G202370,E10224,GL01,Superuser,RITM102431,2025-07-11,E10141,2025-07-15
G202371,E10498,LSP,Power User,RITM100938,2025-07-11,E10221,
G202372,E10814,GL01,Standard User,RITM101551,2025-07-11,E10968,
G202373,E10133,LSP,Standard User,RITM100244,2025-07-14,E10648,
G202374,E10513,TMS,Administrator,RITM102515,2025-07-14,E10765,2025-12-05
G202375,E10672,LSP,Read Only,RITM101270,2025-07-14,,
G202376,E10714,FCR,Administrator,RITM102574,2025-07-14,E11086,2025-07-15
G202377,E10828,TMS,Superuser,RITM102609,2025-07-14,E11086,
G202378,E10927,LSP,Administrator,RITM102629,2025-07-14,E10324,2025-07-16
G202379,E11039,FCR,Database Administrator,RITM102658,2025-07-14,E10141,2025-07-18
G202380,E10021,LSP,Power User,RITM100034,2025-07-15,E10380,
G202381,E10153,GL01,Standard User,RITM100282,2025-07-15,E10587,2025-10-29
G202382,E10513,TMS,Superuser,RITM102514,2025-07-15,E10669,2025-07-22
G202383,E10672,FCR,Read Only,RITM101269,2025-07-15,E10648,2025-08-21
G202384,E10775,LSP,Read Only,RITM101474,2025-07-15,,
G202385,E10814,LSP,Power User,RITM101552,2025-07-15,E10841,2025-09-15
G202386,E11075,FCR,Database Administrator,RITM102666,2025-07-15,E10765,2025-07-18
G202387,E11086,LSP,Read Only,RITM102062,2025-07-15,E11082,
G202388,E11185,GL01,Read Only,RITM102245,2025-07-15,E10664,
G202389,E10101,GL01,Standard User,RITM100179,2025-07-16,E10706,
G202390,E10101,TMS,Standard User,RITM100180,2025-07-16,E10716,
G202391,E10270,FCR,Administrator,RITM102444,2025-07-16,E11086,2025-07-21
G202392,E10384,TMS,Administrator,RITM102479,2025-07-16,E10765,
G202393,E10620,GL01,Administrator,RITM102542,2025-07-16,E10669,2025-07-22
G202394,E10672,GL01,Standard User,RITM101268,2025-07-16,E10114,
G202395,E10931,GL01,Standard User,RITM101790,2025-07-16,,
G202396,E10081,LSP,Power User,RITM100135,2025-07-17,E10968,2025-10-03
G202397,E10879,LSP,Read Only,RITM101679,2025-07-17,E10187,
G202398,E10931,LSP,Standard User,RITM101791,2025-07-17,E10114,
G202399,E11161,FCR,Standard User,RITM102197,2025-07-17,E10187,
G202400,E10631,GL01,Power User,RITM101183,2025-07-18,E10650,
G202401,E11119,LSP,Standard User,RITM102121,2025-07-18,E10762,
G202402,E11161,GL01,Standard User,RITM102198,2025-07-18,E10603,
G202403,E11185,LSP,Read Only,RITM102244,2025-07-18,E10106,
G202404,E10211,GL01,Superuser,RITM102423,2025-07-21,E11086,2025-07-22
G202405,E10552,LSP,Power User,RITM101035,2025-07-21,E10587,
G202406,E10663,GL01,Superuser,RITM102568,2025-07-21,E10324,2025-07-23
G202407,E11161,LSP,Standard User,RITM102199,2025-07-21,E11136,
G202408,E11240,LSP,Standard User,RITM102352,2025-07-21,E10017,
G202409,E10402,LSP,Power User,RITM100736,2025-07-22,E10288,2025-10-29
G202410,E10641,LSP,Power User,RITM101203,2025-07-22,E10644,
G202411,E11240,TMS,Standard User,RITM102350,2025-07-22,E10371,
G202412,E11240,FCR,Power User,RITM102351,2025-07-23,E10764,
G202413,E10084,GL01,Read Only,RITM100142,2025-07-24,E10966,
G202414,E10214,FCR,Standard User,RITM100398,2025-07-24,E10102,
G202415,E10284,FCR,Superuser,RITM102452,2025-07-24,E11086,
G202416,E10524,FCR,Administrator,RITM102520,2025-07-24,E11086,2025-07-28
G202417,E10830,LSP,Power User,RITM101589,2025-07-24,E10044,
G202418,E10539,LSP,Standard User,RITM101011,2025-07-25,E10752,2025-12-11
G202419,E10694,LSP,Standard User,RITM101321,2025-07-25,E11003,
G202420,E10918,GL01,Power User,RITM101765,2025-07-25,E10107,
G202421,E11074,LSP,Administrator,RITM102663,2025-07-25,E10141,
G202422,E11118,TMS,Read Only,RITM102119,2025-07-25,E10648,
G202423,E10186,LSP,Power User,RITM100343,2025-07-28,,
G202424,E10628,LSP,Superuser,RITM102552,2025-07-28,E10141,2025-07-30
G202425,E10810,TMS,Database Administrator,RITM102602,2025-07-28,E10765,
G202426,E10524,TMS,Administrator,RITM102518,2025-07-29,E10141,2025-07-31
G202427,E10827,TMS,Read Only,RITM101581,2025-07-30,E10745,
G202428,E10827,FCR,Standard User,RITM101583,2025-07-30,E11111,
G202429,E10008,GL01,Standard User,RITM100012,2025-07-31,E10867,
G202430,E10023,GL01,Standard User,RITM100038,2025-07-31,E10246,
G202431,E10279,GL01,Standard User,RITM100515,2025-07-31,E10323,2025-08-28
G202432,E10663,FCR,Power User,RITM101255,2025-07-31,E11136,
G202433,E10812,GL01,Read Only,RITM101548,2025-07-31,E10102,
G202434,E10008,TMS,Standard User,RITM100013,2025-08-01,E10882,
G202435,E10548,LSP,Power User,RITM101027,2025-08-01,E10575,2025-11-12
G202436,E10628,LSP,Database Administrator,RITM102551,2025-08-01,E10141,
G202437,E10009,GL01,Read Only,RITM100016,2025-08-04,E10200,
G202438,E10807,FCR,Administrator,RITM102598,2025-08-04,E10141,2025-12-12
G202439,E10827,GL01,Standard User,RITM101582,2025-08-04,E10581,
G202440,E11098,GL01,Standard User,RITM102083,2025-08-04,E10371,
G202441,E10095,TMS,Database Administrator,RITM102401,2025-08-05,E10669,2025-08-12
G202442,E10742,LSP,Read Only,RITM101409,2025-08-05,E11111,
G202443,E10333,GL01,Read Only,RITM100609,2025-08-06,E10664,
G202444,E10099,LSP,Standard User,RITM100176,2025-08-07,E10017,
G202445,E10115,FCR,Administrator,RITM102404,2025-08-07,E10141,
G202446,E10741,FCR,Read Only,RITM101405,2025-08-07,E10745,
G202447,E10846,LSP,Read Only,RITM101613,2025-08-07,E10107,
G202448,E10425,TMS,Standard User,RITM100780,2025-08-08,E10762,
G202449,E11191,TMS,Power User,RITM102260,2025-08-08,E10288,
G202450,E10246,LSP,Standard User,RITM100460,2025-08-11,E11223,
G202451,E10307,FCR,Administrator,RITM102461,2025-08-11,E10765,2025-08-14
G202452,E10963,TMS,Administrator,RITM102636,2025-08-11,E10141,
G202453,E10741,TMS,Power User,RITM101406,2025-08-12,E10114,
G202454,E11044,GL01,Superuser,RITM102659,2025-08-12,E10141,
G202455,E11115,LSP,Administrator,RITM102673,2025-08-12,E11086,2025-08-14
G202456,E10618,GL01,Read Only,RITM101164,2025-08-13,E10644,
G202457,E10139,LSP,Standard User,RITM100253,2025-08-14,E10587,
G202458,E10514,GL01,Power User,RITM100963,2025-08-14,E10017,2025-09-18
G202459,E11026,LSP,Standard User,RITM101958,2025-08-15,E10575,
G202460,E10178,LSP,Standard User,RITM100328,2025-08-18,E10831,
G202461,E10432,LSP,Superuser,RITM102496,2025-08-18,E10765,2025-08-21
G202462,E10861,FCR,Read Only,RITM101640,2025-08-18,E10968,
G202463,E10890,TMS,Superuser,RITM102616,2025-08-18,E10141,
G202464,E10861,GL01,Standard User,RITM101639,2025-08-19,E10841,
G202465,E11005,LSP,Read Only,RITM101922,2025-08-19,E10966,
G202466,E10480,TMS,Database Administrator,RITM102513,2025-08-20,E10141,
G202467,E10422,LSP,Read Only,RITM100775,2025-08-21,E10968,
G202468,E10998,FCR,Power User,RITM101907,2025-08-21,E10100,
G202469,E10399,TMS,Read Only,RITM100728,2025-08-22,E10575,
G202470,E10422,GL01,Standard User,RITM100774,2025-08-22,E10317,
G202471,E10614,FCR,Read Only,RITM101155,2025-08-22,E10841,
G202472,E10729,LSP,Standard User,RITM101380,2025-08-22,E10745,
G202473,E10422,FCR,Standard User,RITM100773,2025-08-25,E10371,
G202474,E10480,FCR,Administrator,RITM102512,2025-08-25,E10765,2025-09-02
G202475,E10120,TMS,Power User,RITM100218,2025-08-26,E10357,
G202476,E10919,LSP,Read Only,RITM101767,2025-08-26,E10122,
G202477,E10945,GL01,Standard User,RITM101816,2025-08-26,E10752,2025-10-17
G202478,E10133,LSP,Read Only,RITM100245,2025-08-27,E11003,
G202479,E10035,TMS,Database Administrator,RITM102388,2025-08-28,E10141,
G202480,E10095,LSP,Power User,RITM100171,2025-08-28,E10323,2025-11-13
G202481,E10270,GL01,Administrator,RITM102445,2025-08-28,E10765,2025-09-03
G202482,E10762,LSP,Power User,RITM101446,2025-08-28,E10745,
G202483,E10951,TMS,Superuser,RITM102632,2025-08-28,E10669,
G202484,E11075,FCR,Read Only,RITM102043,2025-08-28,E10648,
G202485,E11145,FCR,Power User,RITM102170,2025-08-28,E10380,
G202486,E10034,GL01,Standard User,RITM100056,2025-08-29,E10542,
G202487,E10495,GL01,Standard User,RITM100933,2025-08-29,E10981,
G202488,E10714,TMS,Administrator,RITM102577,2025-08-29,E11086,
G202489,E10735,FCR,Superuser,RITM102578,2025-08-29,E10141,2025-09-04
G202490,E10761,FCR,Read Only,RITM101444,2025-08-29,E10867,
G202491,E11141,GL01,Read Only,RITM102161,2025-08-29,E10716,
G202492,E10092,FCR,Standard User,RITM100163,2025-09-02,E10246,
G202493,E10600,LSP,Database Administrator,RITM102538,2025-09-02,E10765,2025-09-09
G202494,E10761,TMS,Standard User,RITM101443,2025-09-02,E10762,
G202495,E10629,GL01,Standard User,RITM101180,2025-09-03,E10106,2025-10-28
G202496,E11131,TMS,Database Administrator,RITM102675,2025-09-03,E10324,2025-09-08
G202497,E10900,FCR,Standard User,RITM101724,2025-09-04,,
G202498,E10667,LSP,Read Only,RITM101262,2025-09-09,E10146,
G202499,E10707,LSP,Power User,RITM101341,2025-09-09,E10146,
G202500,E10741,LSP,Standard User,RITM101407,2025-09-09,E10683,2025-10-21
G202501,E10180,TMS,Administrator,RITM102418,2025-09-10,E11086,
G202502,E10217,GL01,Read Only,RITM100406,2025-09-10,E10289,
G202503,E10411,GL01,Database Administrator,RITM102486,2025-09-10,E10765,2025-09-12
G202504,E10132,GL01,Superuser,RITM102414,2025-09-11,E10141,2025-09-16
G202505,E10428,GL01,Read Only,RITM100791,2025-09-11,E10146,
G202506,E10671,LSP,Read Only,RITM101267,2025-09-11,,
G202507,E10828,LSP,Administrator,RITM102610,2025-09-11,E11086,2025-09-12
G202508,E10869,TMS,Administrator,RITM102612,2025-09-11,E10141,2025-09-12
G202509,E10217,LSP,Power User,RITM100407,2025-09-12,E10288,
G202510,E10217,FCR,Read Only,RITM100408,2025-09-12,E10179,
G202511,E10521,FCR,Read Only,RITM100975,2025-09-12,,
G202512,E10168,TMS,Standard User,RITM100311,2025-09-15,E10122,
G202513,E10457,TMS,Administrator,RITM102506,2025-09-15,E10669,2025-09-22
G202514,E10521,LSP,Power User,RITM100976,2025-09-15,E10100,
G202515,E10628,GL01,Administrator,RITM102550,2025-09-15,E10141,2025-09-19
G202516,E11071,LSP,Read Only,RITM102033,2025-09-15,E10706,
G202517,E11232,GL01,Power User,RITM102336,2025-09-15,E10179,2025-10-31
G202518,E10442,LSP,Read Only,RITM100818,2025-09-16,E10581,
G202519,E10824,FCR,Power User,RITM101578,2025-09-16,E10773,
G202520,E11035,TMS,Database Administrator,RITM102651,2025-09-16,E10324,
G202521,E10198,LSP,Read Only,RITM100368,2025-09-17,E10179,2025-10-21
G202522,E10427,TMS,Read Only,RITM100787,2025-09-17,E10581,
G202523,E10522,LSP,Read Only,RITM100979,2025-09-17,E10706,
G202524,E10807,FCR,Administrator,RITM102599,2025-09-17,E11086,2025-09-23
G202525,E10772,TMS,Power User,RITM101468,2025-09-18,E10575,
G202526,E10008,TMS,Power User,RITM100014,2025-09-19,E10348,
G202527,E10035,TMS,Administrator,RITM102389,2025-09-19,E10324,
G202528,E10746,GL01,Read Only,RITM101416,2025-09-19,E10069,
G202529,E10023,FCR,Database Administrator,RITM102386,2025-09-22,E11086,
G202530,E10683,GL01,Read Only,RITM101296,2025-09-22,E10934,
G202531,E10849,LSP,Standard User,RITM101620,2025-09-22,E10575,2025-10-29
G202532,E11132,LSP,Read Only,RITM102140,2025-09-22,E10650,2025-11-13
G202533,E11231,LSP,Read Only,RITM102333,2025-09-22,E11043,
G202534,E10814,LSP,Standard User,RITM101553,2025-09-23,E10317,
G202535,E10881,TMS,Power User,RITM101685,2025-09-23,E10965,
G202536,E11048,GL01,Administrator,RITM102660,2025-09-23,E10141,2025-09-25
G202537,E11081,LSP,Power User,RITM102054,2025-09-23,E10059,
G202538,E11006,FCR,Administrator,RITM102643,2025-09-24,E10765,
G202539,E11245,FCR,Power User,RITM102367,2025-09-24,E10146,
G202540,E10404,GL01,Read Only,RITM100740,2025-09-25,E10762,
G202541,E10537,GL01,Administrator,RITM102524,2025-09-25,E10765,2025-09-30
G202542,E10543,GL01,Standard User,RITM101018,2025-09-25,E10882,
G202543,E10040,FCR,Administrator,RITM102392,2025-09-26,E11086,
G202544,E10422,GL01,Database Administrator,RITM102491,2025-09-26,E11086,
G202545,E10160,FCR,Standard User,RITM100297,2025-09-29,E10968,
G202546,E10736,TMS,Standard User,RITM101393,2025-09-29,E10706,
G202547,E10095,TMS,Administrator,RITM102400,2025-09-30,E10141,
G202548,E10576,LSP,Administrator,RITM102533,2025-09-30,E10141,
G202549,E10610,TMS,Read Only,RITM101148,2025-09-30,E10171,
G202550,E10731,GL01,Standard User,RITM101383,2025-09-30,E10102,
G202551,E10806,GL01,Standard User,RITM101534,2025-09-30,E10968,
G202552,E10806,FCR,Standard User,RITM101535,2025-09-30,E10102,
G202553,E10951,FCR,Administrator,RITM102630,2025-09-30,E10669,
G202554,E11094,TMS,Administrator,RITM102669,2025-09-30,E10141,
G202555,E10865,TMS,Standard User,RITM101648,2025-10-01,E10317,
G202556,E10217,TMS,Database Administrator,RITM102428,2025-10-02,E10141,2025-10-03
G202557,E10229,FCR,Power User,RITM100432,2025-10-02,E10289,
G202558,E10291,LSP,Administrator,RITM102453,2025-10-02,E10141,
G202559,E10480,GL01,Standard User,RITM100900,2025-10-02,E10882,
G202560,E10610,FCR,Read Only,RITM101147,2025-10-03,E10380,
G202561,E11050,LSP,Read Only,RITM102000,2025-10-03,E10791,
G202562,E11177,TMS,Administrator,RITM102682,2025-10-03,E10141,2025-10-07
G202563,E11187,GL01,Administrator,RITM102687,2025-10-06,E10765,
G202564,E10753,LSP,Administrator,RITM102583,2025-10-07,E10669,2025-10-10
G202565,E10999,GL01,Power User,RITM101908,2025-10-07,E10764,
G202566,E10999,LSP,Read Only,RITM101909,2025-10-07,E10683,
G202567,E10122,TMS,Read Only,RITM100223,2025-10-08,E10221,2025-11-17
G202568,E10126,TMS,Superuser,RITM102409,2025-10-08,E11086,2025-10-10
G202569,E10321,LSP,Read Only,RITM100588,2025-10-08,E11069,
G202570,E10038,GL01,Standard User,RITM100062,2025-10-09,E10575,2025-12-23
G202571,E10663,LSP,Administrator,RITM102569,2025-10-09,E11086,2025-10-15
G202572,E10675,GL01,Power User,RITM101279,2025-10-09,E10357,
G202573,E10908,LSP,Power User,RITM101740,2025-10-09,E11082,
G202574,E10022,LSP,Database Administrator,RITM102384,2025-10-10,E10765,
G202575,E10217,LSP,Administrator,RITM102427,2025-10-10,E10324,2025-10-13
G202576,E10266,GL01,Administrator,RITM102440,2025-10-13,E10669,2025-10-20
G202577,E10556,LSP,Read Only,RITM101042,2025-10-13,,
G202578,E10180,TMS,Standard User,RITM100335,2025-10-14,E11111,
G202579,E10514,GL01,Standard User,RITM100964,2025-10-14,,
G202580,E10629,TMS,Database Administrator,RITM102553,2025-10-14,E11086,2025-10-30
G202581,E10629,LSP,Administrator,RITM102554,2025-10-14,E10141,2025-10-15
G202582,E10723,LSP,Read Only,RITM101365,2025-10-14,E10449,2025-12-05
G202583,E10822,FCR,Standard User,RITM101572,2025-10-14,,
G202584,E11174,TMS,Read Only,RITM102223,2025-10-14,E11231,
G202585,E10422,TMS,Administrator,RITM102489,2025-10-15,E10669,
G202586,E10453,GL01,Administrator,RITM102502,2025-10-15,E10669,2025-12-23
G202587,E10631,TMS,Standard User,RITM101184,2025-10-16,,
G202588,E10631,GL01,Database Administrator,RITM102557,2025-10-16,E11086,2025-10-22
G202589,E10779,LSP,Standard User,RITM101483,2025-10-16,E10044,
G202590,E10449,LSP,Power User,RITM100832,2025-10-17,E11082,
G202591,E10451,FCR,Read Only,RITM100838,2025-10-17,E10304,
G202592,E11028,GL01,Superuser,RITM102648,2025-10-17,E10765,2025-10-20
G202593,E11154,LSP,Power User,RITM102184,2025-10-17,E11082,
G202594,E10115,TMS,Administrator,RITM102405,2025-10-20,E10141,
G202595,E10188,LSP,Read Only,RITM100345,2025-10-20,E10221,
G202596,E10936,GL01,Standard User,RITM101799,2025-10-20,E10200,2025-12-19
G202597,E11206,TMS,Superuser,RITM102695,2025-10-20,E10669,
G202598,E10216,FCR,Database Administrator,RITM102425,2025-10-21,E10669,
G202599,E10803,LSP,Power User,RITM101529,2025-10-21,E10246,
G202600,E10379,FCR,Administrator,RITM102475,2025-10-22,E10765,2025-10-24
G202601,E10021,LSP,Power User,RITM100035,2025-10-23,E10831,
G202602,E11004,GL01,Read Only,RITM101919,2025-10-23,E10831,
G202603,E10126,TMS,Administrator,RITM102410,2025-10-24,E10141,2025-10-28
G202604,E10147,FCR,Standard User,RITM100269,2025-10-24,E10034,
G202605,E11135,LSP,Read Only,RITM102147,2025-10-27,E10542,
G202606,E11190,GL01,Read Only,RITM102258,2025-10-27,E10706,
G202607,E10566,TMS,Administrator,RITM102532,2025-10-28,E10324,2025-10-29
G202608,E10682,GL01,Read Only,RITM101293,2025-10-28,E10587,
G202609,E10782,GL01,Read Only,RITM101490,2025-10-28,E11043,
G202610,E10926,GL01,Superuser,RITM102626,2025-10-28,E10324,2025-10-29
G202611,E10266,GL01,Database Administrator,RITM102439,2025-10-29,E10141,2025-11-04
G202612,E10464,GL01,Power User,RITM100865,2025-10-29,E11069,2025-12-03
G202613,E10578,LSP,Standard User,RITM101087,2025-10-29,E11082,
G202614,E10620,FCR,Database Administrator,RITM102543,2025-10-29,E10669,2025-11-03
G202615,E10620,TMS,Administrator,RITM102544,2025-10-29,E10765,
G202616,E10967,LSP,Standard User,RITM101856,2025-10-29,E10289,
G202617,E10123,LSP,Read Only,RITM100225,2025-10-30,E10380,
G202618,E10210,LSP,Power User,RITM100391,2025-10-30,E10664,
G202619,E10782,TMS,Read Only,RITM101489,2025-10-30,E10083,
G202620,E10433,LSP,Standard User,RITM100800,2025-10-31,E10044,
G202621,E11133,LSP,Power User,RITM102142,2025-10-31,E10380,
G202622,E10414,TMS,Standard User,RITM100760,2025-11-03,E10102,
G202623,E10422,LSP,Superuser,RITM102488,2025-11-03,E10669,2025-11-07
G202624,E10175,TMS,Power User,RITM100323,2025-11-04,E10122,2025-12-11
G202625,E10263,LSP,Standard User,RITM100489,2025-11-04,E10348,
G202626,E10263,GL01,Read Only,RITM100490,2025-11-04,E11231,
G202627,E10906,GL01,Administrator,RITM102622,2025-11-04,E10141,
G202628,E11114,LSP,Read Only,RITM102110,2025-11-04,E11003,
G202629,E10217,TMS,Administrator,RITM102429,2025-11-05,E10324,2025-11-06
G202630,E10207,LSP,Standard User,RITM100384,2025-11-07,E10965,
G202631,E10126,LSP,Database Administrator,RITM102411,2025-11-10,E10324,
G202632,E10232,FCR,Read Only,RITM100437,2025-11-10,E10017,
G202633,E10729,LSP,Read Only,RITM101381,2025-11-10,E10981,
G202634,E10768,FCR,Standard User,RITM101459,2025-11-10,E10449,2025-12-15
G202635,E10869,LSP,Superuser,RITM102613,2025-11-10,E11086,2025-11-14
G202636,E11065,LSP,Standard User,RITM102023,2025-11-10,E10317,
G202637,E11091,FCR,Power User,RITM102071,2025-11-10,E11082,
G202638,E11209,LSP,Standard User,RITM102288,2025-11-10,E10179,
G202639,E10473,FCR,Power User,RITM100887,2025-11-11,E10317,
G202640,E10521,TMS,Administrator,RITM102517,2025-11-11,E10141,
G202641,E10053,LSP,Standard User,RITM100091,2025-11-12,E11111,
G202642,E10736,TMS,Read Only,RITM101394,2025-11-12,E11136,
G202643,E10930,LSP,Standard User,RITM101789,2025-11-12,E10648,
G202644,E10488,LSP,Read Only,RITM100919,2025-11-13,E10966,
G202645,E10632,TMS,Administrator,RITM102559,2025-11-13,E10141,2025-11-14
G202646,E11170,TMS,Database Administrator,RITM102681,2025-11-13,E10141,
G202647,E11209,GL01,Standard User,RITM102287,2025-11-13,E11016,
G202648,E11218,TMS,Read Only,RITM102305,2025-11-13,E10664,
G202649,E10101,TMS,Read Only,RITM100181,2025-11-14,E10581,
G202650,E10430,GL01,Power User,RITM100796,2025-11-14,E10650,
G202651,E10435,LSP,Power User,RITM100805,2025-11-17,E10348,
G202652,E10994,LSP,Read Only,RITM101900,2025-11-17,E10017,
G202653,E11021,TMS,Power User,RITM101949,2025-11-17,E10317,
G202654,E11021,GL01,Power User,RITM101950,2025-11-17,E10289,
G202655,E11063,GL01,Read Only,RITM102017,2025-11-17,E10179,
G202656,E10936,LSP,Read Only,RITM101800,2025-11-18,,2025-12-17
G202657,E10302,TMS,Administrator,RITM102457,2025-11-19,E10141,
G202658,E10410,FCR,Read Only,RITM100754,2025-11-19,E11082,
G202659,E10651,LSP,Read Only,RITM101225,2025-11-19,E10882,
G202660,E10724,GL01,Read Only,RITM101368,2025-11-19,E10966,
G202661,E11015,GL01,Power User,RITM101936,2025-11-19,E10587,
G202662,E11070,TMS,Standard User,RITM102031,2025-11-19,E10069,
G202663,E11082,LSP,Read Only,RITM102056,2025-11-19,E10762,
G202664,E11181,TMS,Read Only,RITM102239,2025-11-19,E10650,
G202665,E11213,TMS,Read Only,RITM102294,2025-11-19,E10304,
G202666,E11213,FCR,Power User,RITM102296,2025-11-19,E10357,
G202667,E10209,FCR,Standard User,RITM100389,2025-11-20,E10200,
G202668,E10263,TMS,Superuser,RITM102438,2025-11-20,E10669,2025-11-21
G202669,E10468,TMS,Standard User,RITM100874,2025-11-20,E10171,
G202670,E11213,GL01,Standard User,RITM102295,2025-11-20,,
G202671,E10509,GL01,Read Only,RITM100956,2025-11-21,E10304,
G202672,E10284,FCR,Administrator,RITM102451,2025-11-24,E10324,2025-11-26
G202673,E10147,LSP,Read Only,RITM100270,2025-11-25,E11032,
G202674,E10217,TMS,Database Administrator,RITM102430,2025-11-25,E10324,2025-12-02
G202675,E10232,TMS,Power User,RITM100438,2025-11-25,E10017,
G202676,E10655,TMS,Read Only,RITM101235,2025-11-25,E10664,
G202677,E10104,LSP,Read Only,RITM100185,2025-11-26,E10288,
G202678,E10384,FCR,Administrator,RITM102478,2025-11-26,E10765,2025-12-02
G202679,E10824,LSP,Database Administrator,RITM102605,2025-11-28,E11086,
G202680,E10263,LSP,Administrator,RITM102437,2025-12-01,E10765,2025-12-03
G202681,E10481,GL01,Power User,RITM100902,2025-12-02,E10682,
G202682,E10753,FCR,Administrator,RITM102581,2025-12-02,E10765,2025-12-08
G202683,E10870,TMS,Database Administrator,RITM102614,2025-12-02,E10141,
G202684,E10976,TMS,Database Administrator,RITM102639,2025-12-02,E10324,2025-12-03
G202685,E11035,LSP,Administrator,RITM102650,2025-12-02,E11086,
G202686,E10333,GL01,Database Administrator,RITM102463,2025-12-03,E10141,
G202687,E10560,LSP,Standard User,RITM101049,2025-12-03,E11069,
G202688,E10628,FCR,Administrator,RITM102549,2025-12-03,E10141,2025-12-09
G202689,E10757,GL01,Administrator,RITM102585,2025-12-03,E10765,
G202690,E10757,FCR,Administrator,RITM102587,2025-12-03,E11086,
G202691,E10778,TMS,Standard User,RITM101481,2025-12-03,E11032,
G202692,E10834,GL01,Power User,RITM101597,2025-12-03,E10764,
G202693,E11115,FCR,Database Administrator,RITM102672,2025-12-03,E11086,2025-12-04
G202694,E11209,GL01,Power User,RITM102289,2025-12-03,E10542,
G202695,E10247,LSP,Standard User,RITM100462,2025-12-04,E10034,
G202696,E10556,LSP,Read Only,RITM101043,2025-12-04,E10114,
G202697,E11032,TMS,Read Only,RITM101968,2025-12-04,E10380,
G202698,E10422,TMS,Database Administrator,RITM102490,2025-12-05,E10324,2025-12-12
G202699,E10757,TMS,Database Administrator,RITM102586,2025-12-05,E11086,
G202700,E11221,LSP,Standard User,RITM102309,2025-12-05,E10981,
G202701,E10115,LSP,Read Only,RITM100211,2025-12-08,E11069,
G202702,E10496,LSP,Standard User,RITM100935,2025-12-08,E10106,
G202703,E10862,TMS,Read Only,RITM101643,2025-12-08,E10357,
G202704,E10086,LSP,Standard User,RITM100147,2025-12-09,E10648,
G202705,E10263,LSP,Database Administrator,RITM102436,2025-12-09,E10669,2025-12-12
G202706,E11114,LSP,Power User,RITM102111,2025-12-09,E10221,
